Date,SKU_ID,SKU_Name,Category,Region,Units_Sold,Unit_Price,Current_Stock,Reorder_Level,Lead_Time_Days,Promotion_Flag,Revenue
2025-08-24,SKU1007,Grocery_Item_2,Grocery,West,274.0,1627.47,439.7,69,10,0,445926.78
2026-01-25,SKU1001,Electronics_Item_1,Electronics,West,88.0,1946.19,176.4,46,14,0,171264.72
05-10-2025,SKU1015,Apparel_Item_5,Apparel,East,43.0,428.01,223.2,60,16,0,18404.43
2025-04-20,SKU1010,Grocery_Item_5,Grocery,West,176.0,2077.7,1537.1,57,7,0,365675.2
2025-07-20,SKU1004,Electronics_Item_4,Electronics,South,263.0,1914.79,1954.2,67,15,0,503589.77
2026-07-19,SKU1015,Apparel_Item_5,Apparel,West,24.0,428.01,92.5,60,16,0,10272.24
2025-11-16,SKU1018,Home_Item_3,Home & Kitchen,West,254.0,1200.41,2237.0,31,17,0,304904.14
2025-07-27,SKU1002,Electronics_Item_2,Electronics,East,144.0,2153.56,387.7,61,4,0,310112.64
2024-10-06,SKU1007,Grocery_Item_2,Grocery,South,410.0,1627.47,1767.6,69,10,1,667262.7
2026-08-23,SKU1022,Beauty_Item_2,Beauty,South,93.0,1765.65,370.0,38,4,0,164205.45
2025-08-24,SKU1002,Electronics_Item_2,Electronics,West,189.0,2153.56,844.6,61,4,0,407022.84
2025-04-13,SKU1010,Grocery_Item_5,Grocery,South,207.0,2077.7,1713.1,57,7,0,430083.9
2025-12-21,SKU1024,Beauty_Item_4,Beauty,South,131.0,999.32,571.8,37,19,0,130910.92
2025-03-23,SKU1015,Apparel_Item_5,Apparel,North,30.0,428.01,79.8,60,16,0,12840.3
2025-03-30,SKU1022,Beauty_Item_2,Beauty,West,68.0,1765.65,319.4,38,4,0,120064.2
2025-10-19,SKU1003,Electronics_Item_3,Electronics,North,286.0,280.73,1292.6,78,12,0,80288.78
2025-08-17,SKU1003,Electronics_Item_3,Electronics,North,284.0,280.73,842.3,78,12,0,79727.32
2025-04-27,SKU1014,Apparel_Item_4,Apparel,North,125.0,1193.47,462.1,22,11,0,149183.75
2024-11-03,SKU1016,Home_Item_1,Home & Kitchen,West,133.0,1874.67,328.5,78,9,1,249331.11
2024-12-15,SKU1011,Apparel_Item_1,Apparel,,203.0,1907.31,72.8,41,15,0,387183.93
2025-10-05,SKU1002,Electronics_Item_2,Electronics,North,145.0,2153.56,803.7,61,4,0,312266.2
16-08-2026,SKU1022,Beauty_Item_2,Beauty,West,75.0,1765.65,463.0,38,4,0,132423.75
2025-11-23,SKU1021,Beauty_Item_1,Beauty,North  ,368.0,1121.02,619.9,69,5,0,412535.36
2025-03-30,SKU1017,Home_Item_2,Home & Kitchen,South,292.0,848.27,496.6,42,19,0,247694.84
2025-07-13,SKU1008,Grocery_Item_3,Grocery,North,98.0,1136.36,472.5,33,11,1,111363.28
2025-08-03,SKU1004,Electronics_Item_4,ELECTRONICS,South,226.0,1914.79,1458.2,67,15,0,432742.54
2025-05-04,SKU1003,Electronics_Item_3,Electronics,East,276.0,280.73,1639.8,78,12,0,77481.48
2024-10-13,SKU1008,Grocery_Item_3,Grocery,East,102.0,1136.36,1037.5,33,11,0,115908.72
01-09-2024,SKU1009,Grocery_Item_4,Grocery,South,173.0,1408.73,1076.5,23,18,0,243710.29
2024-10-06,SKU1005,Electronics_Item_5,Electronics,South,82.0,363.88,137.9,47,18,0,29838.16
2024-12-01,SKU1020,Home_Item_5,Home & Kitchen,North,41.0,,286.3,60,13,0,24843.13
2024-11-24,SKU1006,Grocery_Item_1,Grocery,South  ,379.0,958.46,4337.0,75,6,0,363256.34
2025-06-29,SKU1009,Grocery_Item_4,Grocery,East  ,147.0,1408.73,991.3,23,18,0,207083.31
2025-10-12,SKU1015,Apparel_Item_5,Apparel,North,44.0,428.01,179.2,60,16,0,18832.44
2025-05-18,SKU1005,Electronics_Item_5,Electronics,West,45.0,363.88,279.4,47,18,0,16374.6
26-01-2025,SKU1004,Electronics_Item_4,Electronics,East,430.0,1914.79,1525.7,67,15,0,823359.7
2025-01-05,SKU1005,Electronics_Item_5,Electronics,North,68.0,363.88,770.9,47,18,0,24743.84
2026-03-22,SKU1021,Beauty_Item_1,Beauty,North,279.0,1121.02,261.5,69,5,0,312764.58
2024-11-10,SKU1004,Electronics_Item_4,Electronics,East,405.0,1914.79,6307.7,67,15,0,775489.95
2024-09-15,SKU1019,Home_Item_4,Home & Kitchen,South,247.0,368.31,979.9,48,15,0,90972.57
2025-05-04,SKU1009,Grocery_Item_4,Grocery,West,183.0,1408.73,2377.3,23,18,0,257797.59
2025-12-07,SKU1003,Electronics_Item_3,Electronics,South,336.0,280.73,997.4,78,12,0,94325.28
2026-05-10,SKU1009,Grocery_Item_4,Grocery,East,,1408.73,166.7,23,18,0,232440.45
2026-06-14,SKU1013,Apparel_Item_3,Apparel,North,207.0,1957.04,1581.2,31,16,0,405107.28
2025-01-12,SKU1019,Home_Item_4,Home & Kitchen,East,217.0,368.31,2888.0,48,15,0,79923.27
2024-11-17,SKU1008,Grocery_Item_3,GROCERY,South,165.0,1136.36,439.5,33,11,1,187499.4
2025-05-18,SKU1015,Apparel_Item_5,Apparel,North,26.0,428.01,237.3,60,16,0,11128.26
2026-06-14,SKU1012,Apparel_Item_2,Apparel,East,80.0,2428.21,485.3,73,11,0,194256.8
2025-05-04,SKU1007,Grocery_Item_2,Grocery,East,192.0,1627.47,1081.2,69,10,0,312474.24
2026-08-02,SKU1022,Beauty_Item_2,Beauty,South,91.0,1765.65,631.0,38,4,0,160674.15
2025-08-10,SKU1003,Electronics_Item_3,Electronics,North,,280.73,1126.3,78,12,1,116222.22
2026-05-31,SKU1009,Grocery_Item_4,Grocery,West,167.0,1408.73,994.4,23,18,0,235257.91
2026-04-19,SKU1021,Beauty_Item_1,Beauty,East,253.0,1121.02,750.9,69,5,0,283618.06
2025-10-26,SKU1023,Beauty_Item_3,Beauty,West  ,178.0,2089.04,445.6,68,10,0,371849.12
2026-01-18,SKU1012,Apparel_Item_2,Apparel,South,71.0,2428.21,272.1,73,11,0,172402.91
2024-11-24,SKU1024,Beauty_Item_4,Beauty,West,148.0,999.32,579.6,37,19,0,147899.36
2025-08-17,SKU1013,Apparel_Item_3,Apparel,West,311.0,1957.04,1720.3,31,16,0,608639.44
2025-11-09,SKU1013,Apparel_Item_3,APPAREL,South,342.0,1957.04,1480.5,31,16,0,669307.68
2025-02-16,SKU1020,Home_Item_5,Home & Kitchen,South,43.0,605.93,195.6,60,13,0,26054.99
2025-05-18,SKU1006,Grocery_Item_1,GROCERY,North,212.0,958.46,1763.9,75,6,0,203193.52
17-11-2024,SKU1023,Beauty_Item_3,Beauty,South,211.0,2089.04,957.4,68,10,0,440787.44
2025-03-16,SKU1021,Beauty_Item_1,Beauty,South,317.0,1121.02,2639.3,69,5,0,355363.34
2024-09-01,SKU1007,Grocery_Item_2,Grocery,West,248.0,1627.47,1453.9,69,10,0,403612.56
2024-11-03,SKU1023,Beauty_Item_3,BEAUTY,West,221.0,2089.04,348.8,68,10,0,461677.84
2025-11-23,SKU1022,Beauty_Item_2,Beauty,East,135.0,1765.65,906.2,38,4,0,238362.75
2025-12-07,SKU1009,Grocery_Item_4,Grocery,East  ,,1408.73,865.4,23,18,0,322599.17
2026-04-26,SKU1024,Beauty_Item_4,BEAUTY,North,88.0,999.32,547.8,37,19,0,87940.16
2024-10-06,SKU1015,Apparel_Item_5,Apparel,North,40.0,428.01,150.0,60,16,0,17120.4
12-04-2026,SKU1010,Grocery_Item_5,Grocery,West,185.0,2077.7,2170.2,57,7,0,384374.5
2024-12-08,SKU1013,Apparel_Item_3,Apparel,South,283.0,1957.04,2149.6,31,16,0,553842.32
2024-12-01,SKU1009,Grocery_Item_4,Grocery,South  ,235.0,1408.73,654.7,23,18,0,331051.55
2025-10-12,SKU1004,Electronics_Item_4,Electronics,North  ,393.0,1914.79,5478.7,67,15,0,752512.47
2025-08-24,SKU1012,Apparel_Item_2,Apparel,South,76.0,2428.21,418.1,73,11,0,184543.96
2026-05-24,SKU1020,Home_Item_5,HOME & KITCHEN,West,37.0,605.93,200.2,60,13,0,22419.41
2024-12-22,SKU1020,Home_Item_5,Home & Kitchen,West,67.0,605.93,125.3,60,13,1,40597.31
2026-03-22,SKU1006,Grocery_Item_1,Grocery,East,285.0,958.46,267.7,75,6,0,273161.1
2024-11-03,SKU1012,Apparel_Item_2,Apparel,East,132.0,2428.21,,73,11,1,320523.72
2024-12-01,SKU1002,Electronics_Item_2,Electronics,East,190.0,2153.56,948.0,61,4,0,409176.4
2025-10-19,SKU1006,Grocery_Item_1,Grocery,North,280.0,958.46,631.2,75,6,0,268368.8
2025-03-16,SKU1011,Apparel_Item_1,Apparel,West,207.0,1907.31,749.5,41,15,1,394813.17
2025-09-14,SKU1025,Beauty_Item_5,Beauty,North,234.0,1722.11,1851.2,28,14,0,402973.74
2026-02-08,SKU1025,Beauty_Item_5,Beauty,South,331.0,1722.11,440.1,28,14,0,570018.41
2026-01-25,SKU1022,Beauty_Item_2,Beauty,West,227.0,1765.65,213.6,38,4,1,400802.55
2026-02-08,SKU1006,Grocery_Item_1,Grocery,East,305.0,958.46,572.6,75,6,0,292330.3
2024-10-20,SKU1020,Home_Item_5,Home & Kitchen,North,43.0,605.93,539.3,60,13,0,26054.99
2026-01-04,SKU1005,Electronics_Item_5,Electronics,West,69.0,363.88,294.0,47,18,0,25107.72
22-12-2024,SKU1007,Grocery_Item_2,Grocery,North,264.0,1627.47,210.6,69,10,0,429652.08
2026-07-26,SKU1010,Grocery_Item_5,Grocery,North,160.0,2077.7,2859.7,57,7,0,332432.0
2026-05-17,SKU1007,Grocery_Item_2,Grocery,South,232.0,1627.47,875.0,69,10,0,377573.04
2026-05-17,SKU1016,Home_Item_1,Home & Kitchen,East,64.0,1874.67,82.3,78,9,0,119978.88
2025-12-07,SKU1007,Grocery_Item_2,Grocery,South,317.0,1627.47,605.7,69,10,0,515907.99
2025-01-05,SKU1016,Home_Item_1,Home & Kitchen,South,116.0,1874.67,1435.2,78,9,0,217461.72
2025-10-12,SKU1002,Electronics_Item_2,Electronics,North,244.0,2153.56,559.7,61,4,0,525468.64
2025-01-26,SKU1012,Apparel_Item_2,Apparel,East,59.0,2428.21,261.5,73,11,0,143264.39
2025-02-16,SKU1023,Beauty_Item_3,Beauty,West,167.0,2089.04,253.3,68,10,0,348869.68
2026-04-19,SKU1001,Electronics_Item_1,Electronics,West,56.0,1946.19,242.2,46,14,0,108986.64
2025-08-03,SKU1017,Home_Item_2,Home & Kitchen,South,,848.27,135.3,42,19,0,206977.88
2024-10-13,SKU1012,Apparel_Item_2,Apparel,North,79.0,2428.21,149.4,73,11,0,191828.59
2025-09-14,SKU1001,Electronics_Item_1,Electronics,West,72.0,1946.19,368.3,46,14,0,140125.68
14-09-2025,SKU1022,Beauty_Item_2,Beauty,South,123.0,1765.65,2079.2,38,4,0,217174.95
2025-02-09,SKU1011,Apparel_Item_1,Apparel,North,162.0,1907.31,636.0,41,15,0,308984.22
2025-05-11,SKU1009,Grocery_Item_4,Grocery,East  ,171.0,1408.73,2206.3,23,18,0,240892.83
2024-11-10,SKU1005,Electronics_Item_5,Electronics,West,78.0,363.88,77.1,47,18,0,28382.64
2026-02-01,SKU1025,Beauty_Item_5,Beauty,South,365.0,1722.11,771.1,28,14,0,628570.15
2026-04-19,SKU1006,Grocery_Item_1,Grocery,West  ,263.0,958.46,808.0,75,6,0,252074.98
2025-01-19,SKU1012,Apparel_Item_2,Apparel,South,79.0,2428.21,320.5,73,11,0,191828.59
2025-11-23,SKU1016,Home_Item_1,HOME & KITCHEN,North,88.0,1874.67,485.9,78,9,0,164970.96
2026-08-02,SKU1011,Apparel_Item_1,Apparel,West,223.0,1907.31,526.9,41,15,1,425330.13
2025-06-29,SKU1017,Home_Item_2,Home & Kitchen,South,243.0,848.27,1321.3,42,19,0,206129.61
23-03-2025,SKU1013,Apparel_Item_3,Apparel,East,256.0,1957.04,770.6,31,16,0,501002.24
2025-11-02,SKU1016,Home_Item_1,HOME & KITCHEN,East  ,101.0,1874.67,172.7,78,9,0,189341.67
2026-07-05,SKU1020,Home_Item_5,Home & Kitchen,West,38.0,605.93,,60,13,0,23025.34
2025-03-16,SKU1001,Electronics_Item_1,Electronics,South,77.0,1946.19,1094.5,46,14,0,149856.63
2025-10-26,SKU1013,Apparel_Item_3,Apparel,East,306.0,1957.04,715.7,31,16,0,598854.24
2025-05-04,SKU1024,Beauty_Item_4,Beauty,South,88.0,999.32,543.6,37,19,0,87940.16
2024-09-08,SKU1020,Home_Item_5,HOME & KITCHEN,East,37.0,605.93,,60,13,0,22419.41
2024-12-22,SKU1013,Apparel_Item_3,Apparel,South,392.0,1957.04,1448.6,31,16,0,767159.68
2026-03-08,SKU1025,Beauty_Item_5,Beauty,East,297.0,1722.11,5261.2,28,14,0,511466.67
2024-09-29,SKU1008,Grocery_Item_3,Grocery,East,77.0,1136.36,1232.5,33,11,0,87499.72
2025-10-19,SKU1020,Home_Item_5,Home & Kitchen,North,38.0,605.93,109.9,60,13,0,23025.34
2026-06-07,SKU1018,Home_Item_3,HOME & KITCHEN,North,,1200.41,1075.0,31,17,0,184863.14
2026-01-11,SKU1005,Electronics_Item_5,Electronics,North,143.0,363.88,151.0,47,18,1,52034.84
2024-12-15,SKU1001,Electronics_Item_1,Electronics,South,,1946.19,93.0,46,14,0,186834.24
2026-02-08,SKU1022,Beauty_Item_2,Beauty,West,125.0,1765.65,622.7,38,4,0,220706.25
11-05-2025,SKU1024,Beauty_Item_4,Beauty,South,76.0,999.32,467.6,37,19,0,75948.32
2025-10-12,SKU1020,Home_Item_5,Home & Kitchen,West,47.0,605.93,147.9,60,13,0,28478.71
2026-01-18,SKU1017,Home_Item_2,Home & Kitchen,East,646.0,848.27,1565.7,42,19,1,547982.42
2024-11-03,SKU1010,Grocery_Item_5,Grocery,South,217.0,2077.7,532.7,57,7,0,450860.9
2026-02-08,SKU1009,Grocery_Item_4,Grocery,East,218.0,1408.73,51.8,23,18,0,307103.14
2026-07-19,SKU1013,Apparel_Item_3,Apparel,North,265.0,1957.04,231.2,31,16,0,518615.6
2026-01-25,SKU1005,Electronics_Item_5,Electronics,South,75.0,363.88,364.5,47,18,0,27291.0
2025-03-23,SKU1006,Grocery_Item_1,Grocery,East,250.0,958.46,498.9,75,6,0,239615.0
2025-01-12,SKU1005,Electronics_Item_5,Electronics,West,64.0,363.88,706.9,47,18,0,23288.32
2025-03-30,SKU1021,Beauty_Item_1,Beauty,West,284.0,1121.02,2096.3,69,5,0,318369.68
2025-04-27,SKU1012,Apparel_Item_2,Apparel,North,72.0,2428.21,1186.1,73,11,0,174831.12
2024-12-08,SKU1017,Home_Item_2,Home & Kitchen,North,871.0,848.27,2040.6,42,19,1,738843.17
2025-10-26,SKU1004,Electronics_Item_4,Electronics,North,385.0,1914.79,4520.7,67,15,0,737194.15
2025-09-21,SKU1020,Home_Item_5,Home & Kitchen,North,34.0,605.93,88.2,60,13,0,20601.62
2025-09-28,SKU1012,Apparel_Item_2,Apparel,South,85.0,2428.21,1241.7,73,11,0,206397.85
2025-08-03,SKU1001,Electronics_Item_1,ELECTRONICS,North,80.0,,411.3,46,14,0,155695.2
2026-03-29,SKU1017,Home_Item_2,Home & Kitchen,East,,848.27,1491.6,42,19,1,342701.08
2025-01-26,SKU1015,Apparel_Item_5,Apparel,North,78.0,428.01,435.8,60,16,1,33384.78
2025-07-06,SKU1014,Apparel_Item_4,Apparel,East,115.0,1193.47,2475.9,22,11,0,137249.05
2025-12-28,SKU1006,Grocery_Item_1,Grocery,West,345.0,958.46,1121.4,75,6,0,330668.7
2026-08-02,SKU1009,Grocery_Item_4,Grocery,East,207.0,1408.73,640.3,23,18,0,291607.11
2025-11-16,SKU1007,Grocery_Item_2,Grocery,North,274.0,1627.47,1482.7,69,10,0,445926.78
2024-12-29,SKU1004,Electronics_Item_4,Electronics,East,393.0,1914.79,3374.7,67,15,0,752512.47
2025-01-26,SKU1024,Beauty_Item_4,Beauty,East,121.0,999.32,679.6,37,19,0,120917.72
2026-04-12,SKU1003,Electronics_Item_3,Electronics,West,242.0,280.73,649.3,78,12,0,67936.66
2024-09-01,SKU1004,Electronics_Item_4,ELECTRONICS,West  ,,1914.79,1514.4,67,15,0,601244.06
2026-04-12,SKU1018,Home_Item_3,Home & Kitchen,East,148.0,1200.41,46.9,31,17,0,177660.68
2025-05-11,SKU1014,Apparel_Item_4,Apparel,North,108.0,1193.47,231.1,22,11,0,128894.76
08-06-2025,SKU1002,Electronics_Item_2,Electronics,North,109.0,2153.56,1367.7,61,4,0,234738.04
07-12-2025,SKU1016,Home_Item_1,Home & Kitchen,West,96.0,1874.67,284.9,78,9,0,179968.32
2026-01-25,SKU1017,Home_Item_2,Home & Kitchen,North,309.0,848.27,1256.7,42,19,0,262115.43
20-10-2024,SKU1014,Apparel_Item_4,APPAREL,East,194.0,1193.47,931.1,22,11,0,231533.18
2025-06-08,SKU1007,Grocery_Item_2,Grocery,East  ,214.0,1627.47,1314.8,69,10,0,348278.58
2026-06-21,SKU1015,Apparel_Item_5,Apparel,East,29.0,428.01,204.5,60,16,0,12412.29
2025-04-20,SKU1006,Grocery_Item_1,Grocery,West,231.0,958.46,765.9,75,6,0,221404.26
2026-01-04,SKU1001,Electronics_Item_1,Electronics,West,208.0,1946.19,444.4,46,14,1,404807.52
2026-08-16,SKU1020,Home_Item_5,Home & Kitchen,East,65.0,605.93,246.8,60,13,1,39385.45
2026-08-16,SKU1023,Beauty_Item_3,Beauty,South,146.0,2089.04,612.9,68,10,0,304999.84
2025-03-02,SKU1019,Home_Item_4,Home & Kitchen,South,324.0,368.31,1021.0,48,15,1,119332.44
2025-07-27,SKU1014,Apparel_Item_4,Apparel,North,165.0,1193.47,2047.9,22,11,0,196922.55
27-04-2025,SKU1006,Grocery_Item_1,Grocery,North  ,164.0,958.46,601.9,75,6,0,157187.44
2026-03-01,SKU1009,Grocery_Item_4,Grocery,North  ,252.0,1408.73,670.1,23,18,0,354999.96
2026-03-15,SKU1024,Beauty_Item_4,Beauty,North,98.0,999.32,385.8,37,19,0,97933.36
2026-07-26,SKU1025,Beauty_Item_5,Beauty,West,369.0,1722.11,1240.2,28,14,1,635458.59
2026-06-07,SKU1011,Apparel_Item_1,Apparel,East,142.0,1907.31,784.0,41,15,0,270838.02
2025-05-11,SKU1019,Home_Item_4,Home & Kitchen,South,191.0,368.31,408.8,48,15,0,70347.21
2024-10-13,SKU1010,Grocery_Item_5,Grocery,West  ,224.0,,1203.7,57,7,0,465404.8
2026-08-16,SKU1001,Electronics_Item_1,ELECTRONICS,East,61.0,1946.19,355.6,46,14,0,118717.59
2025-01-05,SKU1017,Home_Item_2,Home & Kitchen,East,334.0,848.27,519.6,42,19,0,283322.18
2026-05-10,SKU1011,Apparel_Item_1,Apparel,East,155.0,1907.31,464.7,41,15,0,295633.05
2025-03-16,SKU1019,Home_Item_4,Home & Kitchen,West,150.0,368.31,,48,15,0,55246.5
2026-04-05,SKU1001,Electronics_Item_1,Electronics,West,62.0,1946.19,355.2,46,14,0,120663.78
2025-02-09,SKU1003,Electronics_Item_3,Electronics,South,384.0,280.73,3221.4,78,12,1,107800.32
2026-02-22,SKU1006,Grocery_Item_1,Grocery,East  ,324.0,958.46,,75,6,0,310541.04
2026-05-31,SKU1022,Beauty_Item_2,BEAUTY,West,70.0,1765.65,1320.0,38,4,0,123595.5
2025-07-27,SKU1017,Home_Item_2,Home & Kitchen,South,228.0,848.27,379.3,42,19,0,193405.56
2025-01-12,SKU1001,Electronics_Item_1,Electronics,North,,1946.19,275.7,46,14,0,157641.39
2025-03-23,SKU1008,Grocery_Item_3,Grocery,West,60.0,1136.36,517.2,33,11,0,68181.6
2025-10-19,SKU1014,Apparel_Item_4,APPAREL,West,197.0,1193.47,875.2,22,11,0,235113.59
2026-02-15,SKU1016,Home_Item_1,Home & Kitchen,West,69.0,1874.67,,78,9,0,129352.23
2025-09-21,SKU1013,Apparel_Item_3,Apparel,South,262.0,1957.04,356.3,31,16,0,512744.48
2026-07-05,SKU1005,Electronics_Item_5,Electronics,East,50.0,363.88,71.3,47,18,0,18194.0
2025-08-03,SKU1020,Home_Item_5,Home & Kitchen,North,39.0,605.93,414.2,60,13,0,23631.27
2025-03-02,SKU1010,Grocery_Item_5,Grocery,West,259.0,2077.7,3032.1,57,7,0,538124.3
2025-09-28,SKU1007,Grocery_Item_2,Grocery,North,308.0,1627.47,631.8,69,10,0,501260.76
2026-07-26,SKU1001,Electronics_Item_1,Electronics,North,50.0,1946.19,523.6,46,14,0,97309.5
2026-08-16,SKU1005,Electronics_Item_5,Electronics,West,57.0,363.88,125.3,47,18,0,20741.16
2025-10-26,SKU1024,Beauty_Item_4,Beauty,North,127.0,999.32,287.3,37,19,0,126913.64
2025-07-27,SKU1025,Beauty_Item_5,Beauty,,,1722.11,3588.2,28,14,0,347866.22
2025-07-27,SKU1004,Electronics_Item_4,Electronics,West,270.0,1914.79,1684.2,67,15,0,516993.3
2026-01-04,SKU1008,Grocery_Item_3,Grocery,West,116.0,1136.36,1903.8,33,11,0,131817.76
2025-03-30,SKU1023,Beauty_Item_3,BEAUTY,North  ,223.0,2089.04,2825.9,68,10,1,465855.92
2025-08-17,SKU1022,Beauty_Item_2,BEAUTY,West,99.0,1765.65,386.6,38,4,0,174799.35
07-09-2025,SKU1003,Electronics_Item_3,Electronics,North,263.0,280.73,1436.5,78,12,0,73831.99
2025-09-28,SKU1014,Apparel_Item_4,Apparel,West,211.0,1193.47,466.9,22,11,0,251822.17
2026-07-19,SKU1019,Home_Item_4,HOME & KITCHEN,,151.0,368.31,1255.6,48,15,0,55614.81
2024-10-06,SKU1019,Home_Item_4,Home & Kitchen,West  ,215.0,368.31,321.9,48,15,0,79186.65
2026-02-08,SKU1017,Home_Item_2,Home & Kitchen,South,353.0,848.27,611.7,42,19,0,299439.31
2026-08-16,SKU1004,Electronics_Item_4,Electronics,South  ,336.0,1914.79,1831.9,67,15,0,643369.44
2026-03-22,SKU1017,Home_Item_2,Home & Kitchen,,265.0,848.27,286.3,42,19,0,224791.55
2026-05-03,SKU1025,Beauty_Item_5,Beauty,West,176.0,1722.11,3624.2,28,14,0,303091.36
2026-06-07,SKU1020,Home_Item_5,Home & Kitchen,North,33.0,605.93,136.2,60,13,0,19995.69
2024-12-08,SKU1010,Grocery_Item_5,Grocery,North,220.0,2077.7,646.4,57,7,0,457094.0
2025-12-28,SKU1021,Beauty_Item_1,Beauty,East,357.0,1121.02,645.8,69,5,0,400204.14
2026-03-29,SKU1012,Apparel_Item_2,Apparel,North,61.0,2428.21,869.4,73,11,0,148120.81
2025-07-13,SKU1022,Beauty_Item_2,Beauty,North,72.0,1765.65,316.5,38,4,0,127126.8
2026-03-08,SKU1022,Beauty_Item_2,Beauty,South,76.0,1765.65,210.7,38,4,0,134189.4
08-02-2026,SKU1011,Apparel_Item_1,Apparel,South,178.0,1907.31,917.4,41,15,0,339501.18
2025-02-16,SKU1015,Apparel_Item_5,Apparel,West,,428.01,268.8,60,16,1,36380.85
2024-10-27,SKU1024,Beauty_Item_4,Beauty,East,108.0,999.32,448.5,37,19,0,107926.56
2025-01-19,SKU1007,Grocery_Item_2,Grocery,North,533.0,1627.47,197.5,69,10,1,867441.51
2025-11-02,SKU1024,Beauty_Item_4,Beauty,North,102.0,999.32,185.3,37,19,0,101930.64
2026-03-29,SKU1022,Beauty_Item_2,Beauty,South,82.0,1765.65,588.1,38,4,0,144783.3
2024-10-06,SKU1014,Apparel_Item_4,APPAREL,North,178.0,1193.47,137.1,22,11,0,212437.66
2025-06-01,SKU1024,Beauty_Item_4,Beauty,East,86.0,999.32,178.6,37,19,0,85941.52
2026-05-17,SKU1004,Electronics_Item_4,Electronics,East,2549.2010963587413,1914.79,1507.9,67,15,0,390617.16
2025-08-10,SKU1021,Beauty_Item_1,Beauty,East,291.0,1121.02,,69,5,0,326216.82
2026-07-19,SKU1014,Apparel_Item_4,Apparel,North  ,130.0,1193.47,355.6,22,11,0,155151.1
2026-05-31,SKU1024,Beauty_Item_4,Beauty,South,79.0,999.32,122.8,37,19,0,78946.28
2024-11-10,SKU1002,Electronics_Item_2,Electronics,South,294.0,2153.56,408.9,61,4,0,633146.64
2025-08-03,SKU1024,Beauty_Item_4,Beauty,East,119.0,999.32,1743.3,37,19,0,118919.08
2026-05-24,SKU1017,Home_Item_2,Home & Kitchen,North,186.0,848.27,5616.6,42,19,0,157778.22
2026-01-25,SKU1023,Beauty_Item_3,Beauty,West  ,218.0,2089.04,970.1,68,10,0,455410.72
2026-07-26,SKU1019,Home_Item_4,Home & Kitchen,North,199.0,368.31,1056.6,48,15,0,73293.69
2025-12-28,SKU1009,Grocery_Item_4,Grocery,North,221.0,1408.73,126.4,23,18,0,311329.33
2025-12-14,SKU1018,Home_Item_3,Home & Kitchen,West,237.0,1200.41,1364.0,31,17,0,284497.17
2026-02-01,SKU1021,Beauty_Item_1,Beauty,South,338.0,1121.02,700.4,69,5,0,378904.76
2025-11-23,SKU1010,Grocery_Item_5,Grocery,West,252.0,2077.7,1377.0,57,7,0,523580.4
2025-11-16,SKU1003,Electronics_Item_3,Electronics,South,236.0,280.73,164.6,78,12,0,66252.28
2025-03-09,SKU1022,Beauty_Item_2,Beauty,South,90.0,1765.65,562.4,38,4,0,158908.5
2025-08-17,SKU1008,Grocery_Item_3,Grocery,South,78.0,1136.36,34.5,33,11,0,88636.08
2026-03-15,SKU1013,Apparel_Item_3,Apparel,East,251.0,1957.04,396.0,31,16,0,491217.04
2025-02-02,SKU1001,Electronics_Item_1,Electronics,East,94.0,1946.19,1652.5,46,14,0,182941.86
2025-09-21,SKU1001,Electronics_Item_1,Electronics,East,83.0,1946.19,285.3,46,14,0,161533.77
2025-07-27,SKU1022,Beauty_Item_2,Beauty,North,75.0,1765.65,150.5,38,4,0,132423.75
2026-08-02,SKU1003,Electronics_Item_3,Electronics,North,312.0,,1167.1,78,12,0,87587.76
06-10-2024,SKU1020,Home_Item_5,Home & Kitchen,West,45.0,605.93,613.3,60,13,0,27266.85
2024-09-08,SKU1019,Home_Item_4,Home & Kitchen,South,200.0,368.31,1226.9,48,15,0,73662.0
2024-09-22,SKU1025,Beauty_Item_5,Beauty,East,251.0,1722.11,434.1,28,14,0,432249.61
2025-03-02,SKU1002,Electronics_Item_2,Electronics,North,167.0,2153.56,3351.7,61,4,0,359644.52
2025-11-30,SKU1002,Electronics_Item_2,Electronics,South,305.0,2153.56,857.3,61,4,0,656835.8
2025-10-12,SKU1018,Home_Item_3,Home & Kitchen,South,251.0,1200.41,3364.0,31,17,0,301302.91
2024-11-10,SKU1020,Home_Item_5,Home & Kitchen,South,37.0,605.93,415.3,60,13,0,22419.41
2026-04-26,SKU1020,Home_Item_5,Home & Kitchen,North,34.0,605.93,344.2,60,13,0,20601.62
15-02-2026,SKU1014,Apparel_Item_4,Apparel,South,169.0,1193.47,434.6,22,11,0,201696.43
2025-03-02,SKU1023,Beauty_Item_3,Beauty,South,155.0,2089.04,3492.9,68,10,0,323801.2
2026-07-12,SKU1019,Home_Item_4,Home & Kitchen,East,197.0,368.31,,48,15,0,72557.07
2024-12-29,SKU1023,Beauty_Item_3,Beauty,South,351.0,2089.04,505.9,68,10,1,733253.04
2025-09-14,SKU1002,Electronics_Item_2,Electronics,East,196.0,2153.56,98.6,61,4,0,422097.76
2026-03-15,SKU1020,Home_Item_5,Home & Kitchen,North,35.0,605.93,555.2,60,13,0,21207.55
2025-09-21,SKU1022,Beauty_Item_2,Beauty,North,86.0,1765.65,1993.2,38,4,0,151845.9
2026-08-16,SKU1014,Apparel_Item_4,APPAREL,West,263.0,1193.47,858.8,22,11,1,313882.61
2024-09-08,SKU1004,Electronics_Item_4,Electronics,North,291.0,1914.79,,67,15,0,557203.89
2026-07-05,SKU1022,Beauty_Item_2,Beauty,South  ,,1765.65,951.0,38,4,0,130658.1
2025-07-27,SKU1015,Apparel_Item_5,Apparel,East  ,,428.01,192.5,60,16,0,14552.34
2024-12-01,SKU1004,Electronics_Item_4,Electronics,West,446.0,,5059.7,67,15,0,853996.34
2026-05-24,SKU1004,Electronics_Item_4,Electronics,East,237.0,1914.79,1270.9,67,15,0,453805.23
2025-08-31,SKU1008,Grocery_Item_3,Grocery,East,83.0,1136.36,476.7,33,11,0,94317.88
2026-03-01,SKU1013,Apparel_Item_3,Apparel,North  ,313.0,1957.04,950.0,31,16,0,612553.52
2025-07-27,SKU1020,Home_Item_5,Home & Kitchen,North  ,32.0,605.93,453.2,60,13,0,19389.76
2025-11-09,SKU1008,Grocery_Item_3,Grocery,South,,1136.36,291.6,33,11,1,137499.56
2024-09-01,SKU1012,Apparel_Item_2,Apparel,East,79.0,2428.21,268.3,73,11,0,191828.59
2026-07-05,SKU1004,Electronics_Item_4,Electronics,North,261.0,1914.79,1626.4,67,15,0,499760.19
26-01-2025,SKU1003,Electronics_Item_3,Electronics,South  ,259.0,,4024.4,78,12,0,72709.07
2025-11-02,SKU1008,Grocery_Item_3,Grocery,North,223.0,1136.36,412.6,33,11,1,253408.28
2025-06-29,SKU1005,Electronics_Item_5,Electronics,South,54.0,363.88,1485.9,47,18,0,19649.52
2026-03-15,SKU1004,Electronics_Item_4,Electronics,South,326.0,1914.79,4108.9,67,15,0,624221.54
2026-03-08,SKU1007,Grocery_Item_2,Grocery,West,261.0,1627.47,2000.1,69,10,0,424769.67
2026-01-25,SKU1018,Home_Item_3,Home & Kitchen,West,204.0,1200.41,812.6,31,17,0,244883.64
2024-12-15,SKU1014,Apparel_Item_4,Apparel,East,200.0,1193.47,373.6,22,11,0,238694.0
2024-12-29,SKU1012,Apparel_Item_2,APPAREL,West,91.0,2428.21,115.4,73,11,0,220967.11
2025-07-27,SKU1024,Beauty_Item_4,Beauty,North,110.0,999.32,1862.3,37,19,0,109925.2
2024-10-13,SKU1015,Apparel_Item_5,APPAREL,East,51.0,428.01,99.0,60,16,0,21828.51
2024-10-13,SKU1013,Apparel_Item_3,Apparel,North,279.0,1957.04,4337.6,31,16,0,546014.16
2026-08-09,SKU1007,Grocery_Item_2,Grocery,East,443.0,1627.47,685.0,69,10,1,720969.21
2025-10-12,SKU1001,Electronics_Item_1,Electronics,West,106.0,1946.19,580.4,46,14,0,206296.14
2024-12-29,SKU1013,Apparel_Item_3,Apparel,West,323.0,1957.04,1125.6,31,16,0,632123.92
2026-04-26,SKU1004,Electronics_Item_4,Electronics,West,281.0,1914.79,2310.9,67,15,0,538055.99
2025-09-14,SKU1019,Home_Item_4,Home & Kitchen,East,238.0,368.31,4144.0,48,15,0,87657.78
2025-03-02,SKU1017,Home_Item_2,Home & Kitchen,South  ,305.0,848.27,1853.6,42,19,0,258722.35
2025-04-06,SKU1018,Home_Item_3,Home & Kitchen,West,131.0,1200.41,,31,17,0,157253.71
2026-02-08,SKU1019,Home_Item_4,Home & Kitchen,South,156.0,368.31,309.1,48,15,0,57456.36
2026-07-05,SKU1018,Home_Item_3,Home & Kitchen,North,149.0,1200.41,574.0,31,17,0,178861.09
2024-10-27,SKU1014,Apparel_Item_4,Apparel,South  ,184.0,1193.47,747.1,22,11,0,219598.48
2024-11-10,SKU1017,Home_Item_2,Home & Kitchen,West,368.0,848.27,4061.6,42,19,0,312163.36
2026-07-12,SKU1021,Beauty_Item_1,BEAUTY,South,188.0,1121.02,,69,5,0,210751.76
2025-02-23,SKU1004,Electronics_Item_4,Electronics,North,337.0,1914.79,166.7,67,15,0,645284.23
14-06-2026,SKU1016,Home_Item_1,HOME & KITCHEN,North,55.0,1874.67,384.6,78,9,0,103106.85
2026-03-08,SKU1019,Home_Item_4,HOME & KITCHEN,North,164.0,368.31,857.6,48,15,0,60402.84
2025-03-09,SKU1006,Grocery_Item_1,Grocery,North,383.0,958.46,1027.9,75,6,1,367090.18
2025-08-03,SKU1023,Beauty_Item_3,Beauty,South,138.0,2089.04,437.9,68,10,0,288287.52
2026-04-12,SKU1017,Home_Item_2,Home & Kitchen,East,225.0,848.27,1000.6,42,19,0,190860.75
2025-07-20,SKU1008,Grocery_Item_3,Grocery,East,75.0,1136.36,397.5,33,11,0,85227.0
2026-05-24,SKU1014,Apparel_Item_4,Apparel,South,97.0,1193.47,395.2,22,11,0,115766.59
2025-11-09,SKU1004,Electronics_Item_4,Electronics,East,432.0,1914.79,3667.7,67,15,0,827189.28
2026-01-11,SKU1021,Beauty_Item_1,Beauty,South,424.0,1121.02,1761.4,69,5,0,475312.48
2024-12-01,SKU1018,Home_Item_3,Home & Kitchen,North,176.0,1200.41,511.7,31,17,0,211272.16
2024-12-15,SKU1024,Beauty_Item_4,Beauty,South  ,1306.8514181118853,999.32,208.6,37,19,0,118919.08
2025-11-09,SKU1007,Grocery_Item_2,Grocery,East,292.0,1627.47,227.8,69,10,0,475221.24
2025-02-09,SKU1018,Home_Item_3,Home & Kitchen,East  ,184.0,1200.41,509.5,31,17,0,220875.44
09-02-2025,SKU1025,Beauty_Item_5,Beauty,North,253.0,1722.11,,28,14,0,435693.83
2026-03-22,SKU1001,Electronics_Item_1,Electronics,East,68.0,1946.19,471.2,46,14,0,132340.92
2025-11-09,SKU1008,Grocery_Item_3,GROCERY,South,,1136.36,291.6,33,11,1,137499.56
2026-05-24,SKU1005,Electronics_Item_5,Electronics,North,44.0,363.88,57.4,47,18,0,16010.72
2026-03-22,SKU1005,Electronics_Item_5,Electronics,North,61.0,363.88,167.1,47,18,0,22196.68
2025-06-22,SKU1016,Home_Item_1,Home & Kitchen,East  ,58.0,1874.67,536.6,78,9,0,108730.86
2026-04-19,SKU1012,Apparel_Item_2,APPAREL,South,61.0,2428.21,646.4,73,11,0,148120.81
2026-02-01,SKU1017,Home_Item_2,Home & Kitchen,North,292.0,848.27,964.7,42,19,0,247694.84
2025-11-30,SKU1005,Electronics_Item_5,Electronics,North,94.0,363.88,313.2,47,18,0,34204.72
2025-10-05,SKU1010,Grocery_Item_5,Grocery,East,214.0,2077.7,517.9,57,7,0,444627.8
2026-04-26,SKU1025,Beauty_Item_5,BEAUTY,East,154.0,1722.11,3800.2,28,14,0,265204.94
2025-03-16,SKU1020,Home_Item_5,Home & Kitchen,East,29.0,605.93,228.1,60,13,0,17571.97
2025-08-10,SKU1019,Home_Item_4,Home & Kitchen,East,170.0,368.31,300.9,48,15,0,62612.7
2024-09-22,SKU1018,Home_Item_3,Home & Kitchen,West  ,162.0,1200.41,351.2,31,17,0,194466.42
2025-01-12,SKU1024,Beauty_Item_4,Beauty,East,137.0,999.32,265.2,37,19,0,136906.84
2026-03-15,SKU1002,Electronics_Item_2,ELECTRONICS,North,185.0,2153.56,599.9,61,4,0,398408.6
2024-09-29,SKU1003,Electronics_Item_3,Electronics,East,244.0,280.73,629.3,78,12,0,68498.12
29-03-2026,SKU1002,Electronics_Item_2,Electronics,West,173.0,0.0,225.9,61,4,0,372565.88
2025-04-06,SKU1006,Grocery_Item_1,Grocery,West,228.0,958.46,1239.9,75,6,0,218528.88
2024-12-22,SKU1003,Electronics_Item_3,Electronics,South,290.0,280.73,5731.4,78,12,0,81411.7
2025-07-27,SKU1005,Electronics_Item_5,Electronics,East,64.0,363.88,1265.9,47,18,0,23288.32
2025-05-11,SKU1025,Beauty_Item_5,Beauty,South,191.0,,1508.9,28,14,0,328923.01
2025-07-20,SKU1019,Home_Item_4,Home & Kitchen,West,260.0,368.31,868.9,48,15,1,95760.6
2025-03-09,SKU1007,Grocery_Item_2,Grocery,North,,1627.47,1413.9,69,10,0,375945.57
2024-10-27,SKU1018,Home_Item_3,Home & Kitchen,East,225.0,1200.41,226.6,31,17,0,270092.25
2025-08-31,SKU1023,Beauty_Item_3,Beauty,North,171.0,2089.04,,68,10,0,357225.84
2026-03-01,SKU1019,Home_Item_4,Home & Kitchen,West,266.0,368.31,1021.6,48,15,0,97970.46
2026-01-18,SKU1004,Electronics_Item_4,Electronics,West,450.0,1914.79,1622.8,67,15,0,861655.5
2025-06-08,SKU1017,Home_Item_2,Home & Kitchen,East,190.0,848.27,2023.3,42,19,0,161171.3
2026-03-01,SKU1021,Beauty_Item_1,Beauty,North,282.0,1121.02,1148.5,69,5,0,316127.64
2025-08-17,SKU1017,Home_Item_2,Home & Kitchen,West,277.0,848.27,1755.4,42,19,0,234970.79
2025-06-29,SKU1020,Home_Item_5,Home & Kitchen,East,35.0,605.93,584.2,60,13,0,21207.55
2026-08-02,SKU1023,Beauty_Item_3,Beauty,South,178.0,2089.04,926.9,68,10,0,371849.12
2025-03-09,SKU1013,Apparel_Item_3,Apparel,South,280.0,1957.04,1276.6,31,16,0,547971.2
2026-01-25,SKU1012,Apparel_Item_2,Apparel,East,65.0,2428.21,207.1,73,11,0,157833.65
2025-03-16,SKU1007,Grocery_Item_2,Grocery,East,217.0,1627.47,1196.9,69,10,0,353160.99
2026-07-19,SKU1006,Grocery_Item_1,Grocery,West,299.0,958.46,1426.8,75,6,0,286579.54
2025-07-20,SKU1022,Beauty_Item_2,BEAUTY,North,91.0,1765.65,225.5,38,4,0,160674.15
2026-01-04,SKU1016,Home_Item_1,Home & Kitchen,South  ,88.0,1874.67,372.1,78,9,0,164970.96
2025-04-20,SKU1023,Beauty_Item_3,Beauty,North,123.0,2089.04,2408.9,68,10,0,256951.92
2025-04-27,SKU1016,Home_Item_1,Home & Kitchen,East,59.0,1874.67,101.2,78,9,0,110605.53
2026-02-22,SKU1010,Grocery_Item_5,Grocery,North,197.0,2077.7,3564.2,57,7,0,409306.9
2024-09-15,SKU1014,Apparel_Item_4,Apparel,East,179.0,1193.47,744.1,22,11,0,213631.13
2025-02-02,SKU1002,Electronics_Item_2,Electronics,West  ,174.0,2153.56,4242.7,61,4,0,374719.44
2025-08-24,SKU1025,Beauty_Item_5,Beauty,South,243.0,1722.11,2645.2,28,14,0,418472.73
2025-05-25,SKU1016,Home_Item_1,Home & Kitchen,South,125.0,1874.67,259.7,78,9,1,234333.75
2026-07-26,SKU1014,Apparel_Item_4,Apparel,West,151.0,1193.47,204.6,22,11,0,180213.97
2025-10-26,SKU1012,Apparel_Item_2,Apparel,North,,2428.21,888.7,73,11,0,218538.9
2026-06-14,SKU1003,Electronics_Item_3,Electronics,South  ,287.0,280.73,1673.8,78,12,0,80569.51
2026-08-23,SKU1012,Apparel_Item_2,Apparel,East,74.0,,161.5,73,11,0,179687.54
2026-08-23,SKU1025,Beauty_Item_5,Beauty,South,244.0,1722.11,157.2,28,14,0,420194.84
2024-10-27,SKU1025,Beauty_Item_5,Beauty,North,322.0,1722.11,587.3,28,14,0,554519.42
2025-05-11,SKU1010,Grocery_Item_5,Grocery,West  ,359.0,2077.7,,57,7,1,745894.3
2026-06-07,SKU1001,Electronics_Item_1,Electronics,West,51.0,1946.19,369.0,46,14,0,99255.69
2024-12-29,SKU1018,Home_Item_3,Home & Kitchen,West,243.0,1200.41,603.6,31,17,0,291699.63
2025-07-06,SKU1005,Electronics_Item_5,Electronics,North,52.0,363.88,1433.9,47,18,0,18921.76
2025-03-30,SKU1001,Electronics_Item_1,Electronics,South  ,60.0,1946.19,946.5,46,14,0,116771.4
2026-04-19,SKU1018,Home_Item_3,Home & Kitchen,South,131.0,1200.41,849.4,31,17,0,157253.71
2025-04-20,SKU1004,Electronics_Item_4,Electronics,South,244.0,1914.79,1629.6,67,15,0,467208.76
2026-06-14,SKU1023,Beauty_Item_3,Beauty,North,121.0,2089.04,838.9,68,10,0,252773.84
2024-12-22,SKU1023,Beauty_Item_3,Beauty,North,211.0,,856.9,68,10,0,440787.44
2026-01-18,SKU1005,Electronics_Item_5,ELECTRONICS,North,77.0,363.88,74.0,47,18,0,28018.76
2024-12-15,SKU1006,Grocery_Item_1,Grocery,North,,958.46,3355.0,75,6,0,251116.52
2025-05-18,SKU1012,Apparel_Item_2,Apparel,East,63.0,2428.21,985.1,73,11,0,152977.23
2025-07-13,SKU1009,Grocery_Item_4,Grocery,West  ,171.0,1408.73,671.3,23,18,0,240892.83
2025-11-09,SKU1002,Electronics_Item_2,Electronics,West,222.0,2153.56,586.2,61,4,0,478090.32
2025-09-28,SKU1004,Electronics_Item_4,ELECTRONICS,West,441.0,1914.79,539.5,67,15,0,844422.39
2026-06-28,SKU1025,Beauty_Item_5,Beauty,West,198.0,1722.11,2180.2,28,14,0,340977.78
2024-10-27,SKU1022,Beauty_Item_2,Beauty,North,210.0,1765.65,1595.2,38,4,1,370786.5
2025-12-14,SKU1001,Electronics_Item_1,Electronics,West,90.0,1946.19,234.7,46,14,0,175157.1
2025-06-08,SKU1006,Grocery_Item_1,Grocery,South,146.0,958.46,1243.9,75,6,0,139935.16
2024-09-08,SKU1017,Home_Item_2,Home & Kitchen,West,236.0,848.27,1376.9,42,19,0,200191.72
2025-08-24,SKU1010,Grocery_Item_5,Grocery,West,171.0,2077.7,431.5,57,7,0,355286.7
2026-08-02,SKU1010,Grocery_Item_5,Grocery,South,192.0,2077.7,2667.7,57,7,0,398918.4
2025-01-05,SKU1018,Home_Item_3,HOME & KITCHEN,North,,1200.41,427.6,31,17,0,211272.16
2025-12-28,SKU1010,Grocery_Item_5,Grocery,South,259.0,2077.7,275.0,57,7,0,538124.3
2025-06-22,SKU1012,Apparel_Item_2,Apparel,South,63.0,2428.21,663.1,73,11,0,152977.23
2024-09-01,SKU1020,Home_Item_5,Home & Kitchen,West,37.0,605.93,241.5,60,13,0,22419.41
2026-01-18,SKU1009,Grocery_Item_4,Grocery,East,256.0,1408.73,710.8,23,18,0,360634.88
2024-10-27,SKU1016,Home_Item_1,Home & Kitchen,South,96.0,1874.67,461.5,78,9,0,179968.32
08-09-2024,SKU1006,Grocery_Item_1,Grocery,South,315.0,958.46,1473.0,75,6,0,301914.9
2026-03-08,SKU1018,Home_Item_3,Home & Kitchen,North,155.0,1200.41,827.9,31,17,0,186063.55
2026-05-10,SKU1017,Home_Item_2,Home & Kitchen,West,239.0,848.27,94.6,42,19,0,202736.53
2025-05-11,SKU1003,Electronics_Item_3,Electronics,,217.0,280.73,,78,12,0,60918.41
2026-01-11,SKU1007,Grocery_Item_2,Grocery,East,4221.707820505245,1627.47,445.1,69,10,0,594026.55
2025-02-23,SKU1005,Electronics_Item_5,Electronics,North,,363.88,337.9,47,18,0,24016.08
2025-03-02,SKU1013,Apparel_Item_3,Apparel,North,397.0,1957.04,1556.6,31,16,1,776944.88
2024-11-24,SKU1016,Home_Item_1,Home & Kitchen,South,106.0,1874.67,2048.2,78,9,0,198715.02
2025-09-14,SKU1018,Home_Item_3,Home & Kitchen,South,144.0,1200.41,529.2,31,17,0,172859.04
2024-10-13,SKU1024,Beauty_Item_4,BEAUTY,South,119.0,999.32,666.5,37,19,0,118919.08
2025-07-13,SKU1025,Beauty_Item_5,Beauty,West,142.0,1722.11,3979.2,28,14,0,244539.62
2025-05-11,SKU1020,Home_Item_5,Home & Kitchen,West,34.0,605.93,115.4,60,13,0,20601.62
2026-05-24,SKU1019,Home_Item_4,HOME & KITCHEN,East,189.0,368.31,130.9,48,15,0,69610.59
2026-03-29,SKU1004,Electronics_Item_4,Electronics,South,347.0,1914.79,3438.9,67,15,1,664432.13
2025-09-14,SKU1013,Apparel_Item_3,APPAREL,West,288.0,1957.04,618.3,31,16,0,563627.52
2024-09-01,SKU1019,Home_Item_4,Home & Kitchen,South,181.0,368.31,1426.9,48,15,0,66664.11
2025-04-06,SKU1004,Electronics_Item_4,Electronics,West,283.0,1914.79,370.9,67,15,0,541885.57
2026-05-31,SKU1024,Beauty_Item_4,Beauty,South,79.0,999.32,122.8,37,19,0,78946.28
2025-04-20,SKU1012,Apparel_Item_2,Apparel,North,98.0,2428.21,1258.1,73,11,1,237964.58
2024-12-15,SKU1003,Electronics_Item_3,Electronics,East,335.0,280.73,138.0,78,12,0,94044.55
2024-11-17,SKU1017,Home_Item_2,Home & Kitchen,West,321.0,848.27,3740.6,42,19,0,272294.67
2026-06-21,SKU1010,Grocery_Item_5,Grocery,West,192.0,2077.7,227.2,57,7,0,398918.4
2025-07-27,SKU1009,Grocery_Item_4,Grocery,West,213.0,1408.73,259.3,23,18,0,300059.49
01-06-2025,SKU1013,Apparel_Item_3,Apparel,North,211.0,1957.04,,31,16,0,412935.44
2025-02-23,SKU1012,Apparel_Item_2,Apparel,South,99.0,2428.21,362.0,73,11,0,240392.79
2026-01-18,SKU1007,Grocery_Item_2,Grocery,North,288.0,1627.47,157.1,69,10,0,468711.36
2025-07-13,SKU1010,Grocery_Item_5,Grocery,North,197.0,2077.7,192.4,57,7,0,409306.9
2024-11-24,SKU1005,Electronics_Item_5,Electronics,North,58.0,363.88,1223.9,47,18,0,21105.04
2024-11-17,SKU1022,Beauty_Item_2,Beauty,North,133.0,1765.65,1184.2,38,4,0,234831.45
2025-08-17,SKU1007,Grocery_Item_2,Grocery,West,241.0,1627.47,713.7,69,10,0,392220.27
2026-02-22,SKU1009,Grocery_Item_4,Grocery,North,231.0,,,23,18,0,325416.63
2026-01-25,SKU1004,Electronics_Item_4,Electronics,East,405.0,1914.79,1217.8,67,15,0,775489.95
2024-09-01,SKU1011,Apparel_Item_1,Apparel,West,145.0,1907.31,893.4,41,15,0,276559.95
2024-11-03,SKU1017,Home_Item_2,Home & Kitchen,West,444.0,848.27,4429.6,42,19,0,376631.88
2025-03-02,SKU1006,Grocery_Item_1,Grocery,South,256.0,958.46,1410.9,75,6,0,245365.76
2026-01-11,SKU1018,Home_Item_3,Home & Kitchen,East,251.0,1200.41,437.0,31,17,0,301302.91
2025-03-16,SKU1018,Home_Item_3,Home & Kitchen,East  ,1149.0668707585626,1200.41,701.0,31,17,0,148850.84
2026-06-21,SKU1001,Electronics_Item_1,Electronics,East,50.0,1946.19,267.0,46,14,0,97309.5
2025-03-30,SKU1024,Beauty_Item_4,Beauty,South,84.0,999.32,,37,19,0,83942.88
2024-12-29,SKU1025,Beauty_Item_5,Beauty,South,334.0,1722.11,764.3,28,14,0,575184.74
2025-10-12,SKU1019,Home_Item_4,Home & Kitchen,East,398.0,368.31,3078.0,48,15,1,146587.38
2025-06-01,SKU1014,Apparel_Item_4,Apparel,North,128.0,1193.47,3143.9,22,11,0,152764.16
2025-09-28,SKU1001,Electronics_Item_1,Electronics,North,90.0,1946.19,195.3,46,14,0,175157.1
2025-03-02,SKU1009,Grocery_Item_4,Grocery,West,185.0,1408.73,3975.3,23,18,0,260615.05
2026-08-09,SKU1016,Home_Item_1,Home & Kitchen,,67.0,1874.67,457.0,78,9,0,125602.89
2026-07-12,SKU1020,Home_Item_5,Home & Kitchen,North,27.0,605.93,199.6,60,13,0,16360.11
2024-12-29,SKU1015,Apparel_Item_5,Apparel,East,48.0,428.01,650.8,60,16,0,20544.48
2026-04-05,SKU1014,Apparel_Item_4,Apparel,West,200.0,1193.47,274.8,22,11,1,238694.0
2025-04-20,SKU1011,Apparel_Item_1,Apparel,South  ,134.0,1907.31,50.5,41,15,0,255579.54
2024-09-01,SKU1025,Beauty_Item_5,Beauty,East,247.0,1722.11,1294.1,28,14,0,425361.17
2026-02-15,SKU1010,Grocery_Item_5,Grocery,South,235.0,2077.7,3761.2,57,7,0,488259.5
2026-06-28,SKU1013,Apparel_Item_3,APPAREL,West,220.0,1957.04,1028.2,31,16,0,430548.8
2025-09-28,SKU1020,Home_Item_5,Home & Kitchen,East,43.0,605.93,236.9,60,13,0,26054.99
2024-12-15,SKU1021,Beauty_Item_1,Beauty,North,367.0,1121.02,1730.3,69,5,0,411414.34
2026-01-11,SKU1003,Electronics_Item_3,Electronics,West,342.0,280.73,777.0,78,12,0,96009.66
2025-06-08,SKU1003,Electronics_Item_3,Electronics,South,242.0,280.73,461.8,78,12,0,67936.66
2025-07-06,SKU1016,Home_Item_1,Home & Kitchen,West,58.0,1874.67,417.6,78,9,0,108730.86
2025-06-29,SKU1025,Beauty_Item_5,Beauty,South,144.0,1722.11,312.9,28,14,0,247983.84
2026-03-01,SKU1007,Grocery_Item_2,Grocery,South,303.0,1627.47,2261.1,69,10,0,493123.41
2026-06-14,SKU1018,Home_Item_3,Home & Kitchen,South  ,117.0,1200.41,958.0,31,17,0,140447.97
2024-09-22,SKU1016,Home_Item_1,Home & Kitchen,West,,1874.67,392.0,78,9,0,164970.96
2026-04-26,SKU1009,Grocery_Item_4,Grocery,South,156.0,1408.73,593.7,23,18,0,219761.88
2025-02-23,SKU1010,Grocery_Item_5,Grocery,North  ,213.0,2077.7,3291.1,57,7,0,442550.1
2026-02-01,SKU1003,Electronics_Item_3,Electronics,East,271.0,280.73,1677.0,78,12,0,76077.83
2026-06-07,SKU1008,Grocery_Item_3,Grocery,South,59.0,1136.36,275.8,33,11,0,67045.24
2025-11-09,SKU1024,Beauty_Item_4,Beauty,South  ,156.0,999.32,692.6,37,19,1,155893.92
2025-10-19,SKU1010,Grocery_Item_5,Grocery,South,265.0,2077.7,1112.6,57,7,0,550590.5
2026-06-07,SKU1003,Electronics_Item_3,Electronics,East,272.0,280.73,230.2,78,12,0,76358.56
2025-11-30,SKU1008,Grocery_Item_3,Grocery,North,110.0,1136.36,521.9,33,11,0,124999.6
2026-06-28,SKU1011,Apparel_Item_1,Apparel,North,162.0,1907.31,322.0,41,15,0,308984.22
2025-04-20,SKU1018,Home_Item_3,Home & Kitchen,South,145.0,1200.41,802.5,31,17,0,174059.45
2026-04-05,SKU1013,Apparel_Item_3,Apparel,South,,1957.04,1018.6,31,16,0,549928.24
2025-04-06,SKU1016,Home_Item_1,Home & Kitchen,North,101.0,1874.67,303.2,78,9,1,189341.67
2025-11-23,SKU1004,Electronics_Item_4,Electronics,East,408.0,1914.79,2929.7,67,15,0,781234.32
2025-07-27,SKU1007,Grocery_Item_2,Grocery,South,247.0,1627.47,1457.7,69,10,0,401985.09
2025-07-06,SKU1021,Beauty_Item_1,Beauty,North,209.0,1121.02,309.5,69,5,0,234293.18
2025-01-19,SKU1006,Grocery_Item_1,Grocery,North,296.0,958.46,,75,6,0,283704.16
2026-04-26,SKU1006,Grocery_Item_1,GROCERY,East,,958.46,574.0,75,6,0,224279.64
2024-09-15,SKU1012,Apparel_Item_2,Apparel,South,85.0,2428.21,113.3,73,11,0,206397.85
2025-06-08,SKU1020,Home_Item_5,Home & Kitchen,East,32.0,605.93,683.2,60,13,0,19389.76
2025-03-09,SKU1008,Grocery_Item_3,Grocery,South,68.0,1136.36,87.2,33,11,0,77272.48
2025-02-23,SKU1008,Grocery_Item_3,Grocery,North,88.0,1136.36,250.2,33,11,0,99999.68
2026-08-23,SKU1006,Grocery_Item_1,Grocery,East,286.0,958.46,1397.3,75,6,0,274119.56
2025-03-30,SKU1025,Beauty_Item_5,Beauty,West,341.0,1722.11,2709.9,28,14,1,587239.51
2025-10-26,SKU1020,Home_Item_5,Home & Kitchen,North  ,48.0,605.93,61.9,60,13,0,29084.64
2026-04-05,SKU1006,Grocery_Item_1,Grocery,East  ,276.0,958.46,1268.0,75,6,0,264534.96
2026-03-29,SKU1018,Home_Item_3,Home & Kitchen,South,149.0,1200.41,344.9,31,17,0,178861.09
2024-10-06,SKU1009,Grocery_Item_4,Grocery,North,205.0,,1269.4,23,18,0,288789.65
2026-05-24,SKU1021,Beauty_Item_1,Beauty,North,239.0,1121.02,929.6,69,5,0,267923.78
2026-01-25,SKU1008,Grocery_Item_3,Grocery,West,107.0,1136.36,1599.8,33,11,1,121590.52
2026-07-12,SKU1024,Beauty_Item_4,Beauty,East,142.0,999.32,1128.7,37,19,1,141903.44
2026-06-07,SKU1017,Home_Item_2,Home & Kitchen,West,223.0,848.27,5219.6,42,19,0,189164.21
2025-11-16,SKU1013,Apparel_Item_3,APPAREL,West,387.0,1957.04,1093.5,31,16,0,757374.48
2026-07-19,SKU1020,Home_Item_5,HOME & KITCHEN,South,36.0,605.93,163.6,60,13,0,21813.48
2025-08-24,SKU1003,Electronics_Item_3,Electronics,South,274.0,280.73,568.3,78,12,0,76920.02
2024-09-29,SKU1024,Beauty_Item_4,Beauty,West,177.0,999.32,223.6,37,19,1,176879.64
2026-02-01,SKU1001,Electronics_Item_1,Electronics,East,84.0,1946.19,92.4,46,14,0,163479.96
2026-02-08,SKU1002,Electronics_Item_2,Electronics,West,205.0,2153.56,527.1,61,4,0,441479.8
2026-06-21,SKU1018,Home_Item_3,Home & Kitchen,East,110.0,,,31,17,0,132045.1
2025-08-31,SKU1021,Beauty_Item_1,Beauty,North,363.0,1121.02,1315.7,69,5,0,406930.26
2026-01-18,SKU1019,Home_Item_4,Home & Kitchen,North,283.0,368.31,761.1,48,15,0,104231.73
2025-12-14,SKU1017,Home_Item_2,Home & Kitchen,North,460.0,848.27,3688.7,42,19,0,390204.2
2025-12-14,SKU1009,Grocery_Item_4,Grocery,West,253.0,1408.73,612.4,23,18,0,356408.69
2025-03-23,SKU1004,Electronics_Item_4,ELECTRONICS,West,295.0,1914.79,953.9,67,15,0,564863.05
2025-04-06,SKU1019,Home_Item_4,Home & Kitchen,East,196.0,368.31,81.0,48,15,0,72188.76
2026-04-26,SKU1003,Electronics_Item_3,Electronics,South,294.0,280.73,103.3,78,12,0,82534.62
2025-08-03,SKU1018,Home_Item_3,Home & Kitchen,South,155.0,1200.41,643.6,31,17,0,186063.55
2024-09-08,SKU1018,Home_Item_3,Home & Kitchen,North,141.0,1200.41,650.2,31,17,0,169257.81
2026-02-01,SKU1019,Home_Item_4,Home & Kitchen,West,1920.629502982466,368.31,465.1,48,15,0,66664.11
2024-11-03,SKU1021,Beauty_Item_1,Beauty,North,312.0,1121.02,377.4,69,5,0,349758.24
2024-10-20,SKU1006,Grocery_Item_1,Grocery,West,289.0,,1121.2,75,6,0,276994.94
2025-08-10,SKU1002,Electronics_Item_2,Electronics,South,169.0,2153.56,61.7,61,4,0,363951.64
2024-11-03,SKU1025,Beauty_Item_5,Beauty,East,326.0,1722.11,261.3,28,14,0,561407.86
2025-07-20,SKU1010,Grocery_Item_5,Grocery,North  ,207.0,2077.7,1466.5,57,7,0,430083.9
2026-02-08,SKU1013,Apparel_Item_3,Apparel,North,271.0,1957.04,363.3,31,16,0,530357.84
2025-11-09,SKU1023,Beauty_Item_3,BEAUTY,West,222.0,2089.04,1125.4,68,10,0,463766.88
2025-06-29,SKU1012,Apparel_Item_2,APPAREL,South,70.0,2428.21,593.1,73,11,0,169974.7
2024-11-24,SKU1009,Grocery_Item_4,Grocery,North,247.0,1408.73,889.7,23,18,0,347956.31
2026-02-15,SKU1021,Beauty_Item_1,Beauty,North,310.0,1121.02,1720.5,69,5,0,347516.2
2025-10-12,SKU1024,Beauty_Item_4,Beauty,South,111.0,999.32,613.3,37,19,0,110924.52
2024-12-08,SKU1015,Apparel_Item_5,APPAREL,North,35.0,428.01,790.8,60,16,0,14980.35
2025-07-13,SKU1004,Electronics_Item_4,Electronics,North,330.0,1914.79,235.1,67,15,0,631880.7
2024-10-27,SKU1009,Grocery_Item_4,Grocery,North,239.0,1408.73,589.4,23,18,0,336686.47
2026-04-26,SKU1014,Apparel_Item_4,Apparel,North,135.0,1193.47,928.2,22,11,0,161118.45
2025-12-14,SKU1010,Grocery_Item_5,Grocery,West,253.0,2077.7,749.0,57,7,0,525658.1
2026-03-22,SKU1018,Home_Item_3,Home & Kitchen,East,120.0,1200.41,493.9,31,17,0,144049.2
2026-04-12,SKU1001,Electronics_Item_1,ELECTRONICS,East,57.0,1946.19,298.2,46,14,0,110932.83
2024-10-13,SKU1014,Apparel_Item_4,Apparel,North  ,181.0,1193.47,1125.1,22,11,0,216018.07
2024-09-01,SKU1013,Apparel_Item_3,Apparel,North,227.0,1957.04,1511.1,31,16,0,444248.08
2025-01-26,SKU1005,Electronics_Item_5,Electronics,South,77.0,363.88,579.9,47,18,0,28018.76
2026-05-17,SKU1025,Beauty_Item_5,Beauty,West,185.0,1722.11,3242.2,28,14,0,318590.35
2025-01-26,SKU1019,Home_Item_4,Home & Kitchen,North,221.0,368.31,2456.0,48,15,0,81396.51
14-06-2026,SKU1004,Electronics_Item_4,Electronics,North,270.0,1914.79,473.9,67,15,0,516993.3
2026-05-31,SKU1002,Electronics_Item_2,Electronics,West,122.0,2153.56,3478.3,61,4,0,262734.32
2025-09-07,SKU1013,Apparel_Item_3,Apparel,North,274.0,1957.04,906.3,31,16,0,536228.96
2026-06-14,SKU1002,Electronics_Item_2,Electronics,North,112.0,2153.56,3250.3,61,4,0,241198.72
2025-05-25,SKU1025,Beauty_Item_5,Beauty,East,149.0,1722.11,1174.9,28,14,0,256594.39
2025-07-27,SKU1019,Home_Item_4,Home & Kitchen,South,189.0,368.31,679.9,48,15,0,69610.59
2025-10-19,SKU1005,Electronics_Item_5,Electronics,East,75.0,363.88,480.9,47,18,0,27291.0
2025-04-20,SKU1015,Apparel_Item_5,Apparel,South,33.0,428.01,133.7,60,16,0,14124.33
2025-02-16,SKU1004,Electronics_Item_4,Electronics,West,361.0,1914.79,503.7,67,15,0,691239.19
10-08-2025,SKU1012,Apparel_Item_2,Apparel,South,72.0,2428.21,163.1,73,11,0,174831.12
2026-07-26,SKU1007,Grocery_Item_2,Grocery,North,243.0,1627.47,-1358.0,69,10,0,395475.21
2026-06-14,SKU1005,Electronics_Item_5,Electronics,South,64.0,363.88,218.3,47,18,0,23288.32
2026-04-12,SKU1009,Grocery_Item_4,Grocery,South  ,211.0,1408.73,937.7,23,18,0,297242.03
2025-02-23,SKU1024,Beauty_Item_4,Beauty,East,96.0,999.32,294.6,37,19,0,95934.72
2024-09-29,SKU1002,Electronics_Item_2,Electronics,East,179.0,2153.56,499.7,61,4,0,385487.24
2025-01-05,SKU1009,Grocery_Item_4,Grocery,South,422.0,1408.73,611.8,23,18,1,594484.06
2024-10-20,SKU1003,Electronics_Item_3,Electronics,West,230.0,280.73,1178.5,78,12,0,64567.9
2025-06-22,SKU1021,Beauty_Item_1,Beauty,East,254.0,1121.02,784.5,69,5,0,284739.08
2026-03-29,SKU1007,Grocery_Item_2,Grocery,North,252.0,1627.47,1202.1,69,10,0,410122.44
2026-05-17,SKU1023,Beauty_Item_3,Beauty,North,140.0,,288.8,68,10,0,292465.6
2025-04-13,SKU1024,Beauty_Item_4,Beauty,West,73.0,999.32,221.5,37,19,0,72950.36
2026-04-12,SKU1025,Beauty_Item_5,Beauty,North,215.0,1722.11,4177.2,28,14,0,370253.65
2025-12-07,SKU1021,Beauty_Item_1,Beauty,East,424.0,1121.02,1733.8,69,5,0,475312.48
14-12-2025,SKU1004,Electronics_Item_4,Electronics,,445.0,1914.79,1599.7,67,15,0,852081.55
2026-03-08,SKU1023,Beauty_Item_3,Beauty,North,225.0,2089.04,751.3,68,10,1,470034.0
2025-03-02,SKU1022,Beauty_Item_2,Beauty,North,81.0,1765.65,652.4,38,4,0,143017.65
2025-09-14,SKU1009,Grocery_Item_4,GROCERY,East,343.0,1408.73,90.1,23,18,1,483194.39
22-09-2024,SKU1004,Electronics_Item_4,Electronics,West,,1914.79,548.4,67,15,0,647199.02
2025-09-28,SKU1023,Beauty_Item_3,Beauty,West,176.0,2089.04,,68,10,0,367671.04
2025-09-14,SKU1008,Grocery_Item_3,Grocery,West,82.0,1136.36,311.7,33,11,0,93181.52
2026-05-03,SKU1016,Home_Item_1,HOME & KITCHEN,South,,1874.67,203.3,78,9,0,97482.84
2026-05-10,SKU1003,Electronics_Item_3,Electronics,North,251.0,280.73,1173.2,78,12,0,70463.23
2025-08-24,SKU1001,Electronics_Item_1,Electronics,West,81.0,1946.19,180.3,46,14,0,157641.39
2025-12-14,SKU1024,Beauty_Item_4,Beauty,North,126.0,999.32,93.6,37,19,0,125914.32
2026-03-22,SKU1004,Electronics_Item_4,Electronics,East,323.0,1914.79,3785.9,67,15,0,618477.17
2024-09-29,SKU1020,Home_Item_5,Home & Kitchen,South,28.0,605.93,103.5,60,13,0,16966.04
2025-03-23,SKU1016,Home_Item_1,Home & Kitchen,East  ,69.0,1874.67,467.2,78,9,0,129352.23
2024-11-24,SKU1007,Grocery_Item_2,Grocery,East,248.0,1627.47,,69,10,0,403612.56
2024-09-01,SKU1017,Home_Item_2,Home & Kitchen,South,287.0,848.27,1612.9,42,19,0,243453.49
2025-12-21,SKU1021,Beauty_Item_1,Beauty,South,383.0,1121.02,1002.8,69,5,0,429350.66
27-04-2025,SKU1008,Grocery_Item_3,Grocery,North,64.0,1136.36,176.2,33,11,0,72727.04
2026-04-26,SKU1011,Apparel_Item_1,Apparel,East,159.0,1907.31,765.7,41,15,0,303262.29
2025-04-27,SKU1024,Beauty_Item_4,Beauty,,78.0,999.32,61.5,37,19,0,77946.96
2026-08-09,SKU1020,Home_Item_5,Home & Kitchen,East,35.0,605.93,79.6,60,13,0,21207.55
2025-07-20,SKU1007,Grocery_Item_2,Grocery,West,213.0,1627.47,1704.7,69,10,0,346651.11
2026-02-08,SKU1001,Electronics_Item_1,Electronics,North,,1946.19,548.6,46,14,0,151802.82
2025-12-21,SKU1006,Grocery_Item_1,Grocery,South,419.0,958.46,1466.4,75,6,0,401594.74
2025-03-30,SKU1013,Apparel_Item_3,Apparel,South,252.0,1957.04,518.6,31,16,0,493174.08
2025-02-16,SKU1021,Beauty_Item_1,Beauty,South,280.0,1121.02,3856.3,69,5,0,313885.6
2026-08-23,SKU1002,Electronics_Item_2,Electronics,West,208.0,,1562.3,61,4,0,447940.48
2026-05-10,SKU1002,Electronics_Item_2,Electronics,West,149.0,2153.56,,61,4,0,320880.44
2025-11-02,SKU1001,Electronics_Item_1,Electronics,East,102.0,1946.19,254.4,46,14,0,198511.38
2025-10-19,SKU1016,Home_Item_1,Home & Kitchen,South,,1874.67,345.7,78,9,0,170594.97
2026-07-26,SKU1003,Electronics_Item_3,Electronics,East,285.0,280.73,1479.1,78,12,0,80008.05
2026-08-23,SKU1016,Home_Item_1,Home & Kitchen,East  ,93.0,1874.67,298.0,78,9,1,174344.31
2025-06-29,SKU1010,Grocery_Item_5,Grocery,South,256.0,2077.7,564.4,57,7,1,531891.2
2024-11-24,SKU1017,Home_Item_2,Home & Kitchen,West,424.0,848.27,3316.6,42,19,0,359666.48
2025-11-16,SKU1001,Electronics_Item_1,Electronics,East,84.0,1946.19,80.4,46,14,0,163479.96
2026-01-04,SKU1017,Home_Item_2,Home & Kitchen,East,393.0,848.27,2515.7,42,19,0,333370.11
2026-08-09,SKU1001,Electronics_Item_1,Electronics,West,,1946.19,416.6,46,14,0,105094.26
2026-06-21,SKU1009,Grocery_Item_4,Grocery,South,173.0,1408.73,463.4,23,18,0,243710.29
2025-05-11,SKU1006,Grocery_Item_1,GROCERY,West,190.0,958.46,273.9,75,6,0,182107.4
2024-10-13,SKU1020,Home_Item_5,Home & Kitchen,North,31.0,605.93,582.3,60,13,0,18783.83
2026-04-12,SKU1020,Home_Item_5,Home & Kitchen,North,,605.93,410.2,60,13,0,22419.41
2025-08-03,SKU1012,Apparel_Item_2,Apparel,North,76.0,2428.21,235.1,73,11,0,184543.96
2025-06-15,SKU1001,Electronics_Item_1,Electronics,South,49.0,1946.19,287.5,46,14,0,95363.31
2025-08-24,SKU1022,Beauty_Item_2,Beauty,East,104.0,1765.65,282.6,38,4,0,183627.6
2025-02-23,SKU1013,Apparel_Item_3,Apparel,East,369.0,1957.04,286.6,31,16,1,722147.76
2025-06-01,SKU1007,Grocery_Item_2,Grocery,East,218.0,1627.47,189.2,69,10,0,354788.46
2025-07-20,SKU1020,Home_Item_5,Home & Kitchen,East,27.0,605.93,485.2,60,13,0,16360.11
2026-02-08,SKU1012,Apparel_Item_2,Apparel,East,68.0,2428.21,1397.4,73,11,0,165118.28
2025-02-23,SKU1014,Apparel_Item_4,Apparel,North  ,178.0,1193.47,569.4,22,11,0,212437.66
2025-09-28,SKU1025,Beauty_Item_5,Beauty,North,235.0,1722.11,1332.2,28,14,0,404695.85
2025-10-05,SKU1003,Electronics_Item_3,ELECTRONICS,East,329.0,280.73,,78,12,0,92360.17
2026-08-09,SKU1003,Electronics_Item_3,Electronics,North,402.0,280.73,765.1,78,12,1,112853.46
2026-04-26,SKU1015,Apparel_Item_5,Apparel,West,25.0,428.01,159.8,60,16,0,10700.25
2025-08-17,SKU1008,Grocery_Item_3,Grocery,South,78.0,1136.36,34.5,33,11,0,88636.08
2024-12-29,SKU1014,Apparel_Item_4,Apparel,South,219.0,1193.47,1020.8,22,11,0,261369.93
2026-04-12,SKU1009,Grocery_Item_4,GROCERY,South,211.0,1408.73,937.7,23,18,0,297242.03
2025-12-21,SKU1007,Grocery_Item_2,Grocery,East,417.0,1627.47,1366.1,69,10,0,678654.99
2026-02-08,SKU1015,Apparel_Item_5,Apparel,West,57.0,428.01,76.5,60,16,0,24396.57
2025-09-28,SKU1003,Electronics_Item_3,Electronics,West,306.0,280.73,530.5,78,12,0,85903.38
2025-07-06,SKU1009,Grocery_Item_4,Grocery,North,149.0,1408.73,842.3,23,18,0,209900.77
2024-10-13,SKU1017,Home_Item_2,Home & Kitchen,North,362.0,848.27,,42,19,0,307073.74
2026-06-14,SKU1020,Home_Item_5,Home & Kitchen,North,30.0,605.93,106.2,60,13,0,18177.9
2025-03-23,SKU1021,Beauty_Item_1,Beauty,South,259.0,1121.02,2380.3,69,5,0,290344.18
2025-01-12,SKU1021,Beauty_Item_1,Beauty,East,300.0,1121.02,512.3,69,5,0,336306.0
2025-04-06,SKU1005,Electronics_Item_5,Electronics,East,57.0,363.88,,47,18,0,20741.16
2024-12-15,SKU1006,Grocery_Item_1,Grocery,North,,958.46,3355.0,75,6,0,251116.52
08-03-2026,SKU1016,Home_Item_1,Home & Kitchen,South  ,67.0,1874.67,254.2,78,9,0,125602.89
2024-11-24,SKU1013,Apparel_Item_3,Apparel,West,273.0,1957.04,2708.6,31,16,0,534271.92
2024-10-27,SKU1015,Apparel_Item_5,Apparel,East,52.0,428.01,258.6,60,16,0,22256.52
2026-06-28,SKU1006,Grocery_Item_1,Grocery,South  ,249.0,958.46,423.8,75,6,0,238656.54
2024-12-15,SKU1021,Beauty_Item_1,Beauty,North,367.0,1121.02,1730.3,69,5,0,411414.34
2025-01-19,SKU1009,Grocery_Item_4,Grocery,South,188.0,1408.73,182.8,23,18,0,264841.24
2025-05-25,SKU1014,Apparel_Item_4,Apparel,West,121.0,1193.47,3271.9,22,11,0,144409.87
2026-06-14,SKU1009,Grocery_Item_4,Grocery,North,171.0,1408.73,636.4,23,18,0,240892.83
2026-04-12,SKU1013,Apparel_Item_3,Apparel,East,277.0,1957.04,741.6,31,16,0,542100.08
2025-05-18,SKU1016,Home_Item_1,Home & Kitchen,East,53.0,1874.67,384.7,78,9,0,99357.51
2025-02-09,SKU1014,Apparel_Item_4,Apparel,East,196.0,1193.47,942.4,22,11,0,233920.12
2026-08-09,SKU1022,Beauty_Item_2,Beauty,South,93.0,1765.65,538.0,38,4,0,164205.45
2025-09-28,SKU1005,Electronics_Item_5,ELECTRONICS,East  ,,363.88,715.9,47,18,1,36751.88
2025-12-14,SKU1019,Home_Item_4,Home & Kitchen,East,380.0,368.31,655.0,48,15,1,139957.8
2025-11-30,SKU1024,Beauty_Item_4,Beauty,East,133.0,999.32,,37,19,0,132909.56
2025-09-21,SKU1003,Electronics_Item_3,ELECTRONICS,East,261.0,280.73,836.5,78,12,0,73270.53
2026-03-01,SKU1018,Home_Item_3,Home & Kitchen,East,147.0,1200.41,982.9,31,17,0,176460.27
2025-08-03,SKU1021,Beauty_Item_1,Beauty,North,240.0,1121.02,867.7,69,5,0,269044.8
2025-07-20,SKU1006,Grocery_Item_1,Grocery,East,226.0,958.46,1704.3,75,6,0,216611.96
2026-03-08,SKU1013,Apparel_Item_3,Apparel,West,303.0,1957.04,647.0,31,16,0,592983.12
2024-12-08,SKU1009,Grocery_Item_4,Grocery,West,258.0,,396.7,23,18,0,363452.34
2025-08-17,SKU1006,Grocery_Item_1,Grocery,East,250.0,958.46,730.3,75,6,0,239615.0
2026-04-05,SKU1017,Home_Item_2,Home & Kitchen,North,266.0,,1225.6,42,19,0,225639.82
31-08-2025,SKU1005,Electronics_Item_5,ELECTRONICS,West,,363.88,996.9,47,18,0,22196.68
2025-04-13,SKU1019,Home_Item_4,Home & Kitchen,East,188.0,368.31,1151.8,48,15,0,69242.28
2025-01-12,SKU1017,Home_Item_2,Home & Kitchen,,389.0,848.27,130.6,42,19,0,329977.03
2025-07-20,SKU1005,Electronics_Item_5,Electronics,South,53.0,363.88,1329.9,47,18,0,19285.64
2025-05-04,SKU1023,Beauty_Item_3,Beauty,West,99.0,2089.04,2184.9,68,10,0,206814.96
2025-01-26,SKU1017,Home_Item_2,Home & Kitchen,North,,848.27,1510.9,42,19,0,298591.04
2025-12-21,SKU1009,Grocery_Item_4,Grocery,South,265.0,1408.73,,23,18,0,373313.45
27-04-2025,SKU1013,Apparel_Item_3,Apparel,North  ,209.0,1957.04,842.0,31,16,0,409021.36
2026-01-04,SKU1019,Home_Item_4,Home & Kitchen,South,253.0,368.31,,48,15,0,93182.43
17-05-2026,SKU1024,Beauty_Item_4,Beauty,South,93.0,999.32,278.8,37,19,0,92936.76
2025-10-12,SKU1008,Grocery_Item_3,Grocery,North,97.0,1136.36,331.9,33,11,0,110226.92
2026-02-01,SKU1020,Home_Item_5,Home & Kitchen,East,52.0,605.93,106.3,60,13,1,31508.36
2025-08-10,SKU1023,Beauty_Item_3,Beauty,East,157.0,2089.04,280.9,68,10,0,327979.28
2025-12-14,SKU1016,Home_Item_1,Home & Kitchen,North,84.0,1874.67,200.9,78,9,0,157472.28
2025-02-16,SKU1005,Electronics_Item_5,Electronics,North  ,71.0,363.88,403.9,47,18,0,25835.48
01-03-2026,SKU1002,Electronics_Item_2,Electronics,South,192.0,,1008.9,61,4,0,413483.52
2026-08-23,SKU1009,Grocery_Item_4,Grocery,East,205.0,1408.73,50.3,23,18,0,288789.65
2025-12-28,SKU1014,Apparel_Item_4,Apparel,East,,1193.47,728.6,22,11,0,235113.59
2025-10-05,SKU1021,Beauty_Item_1,Beauty,South,373.0,,1435.3,69,5,0,418140.46
2025-12-21,SKU1016,Home_Item_1,Home & Kitchen,South,96.0,1874.67,104.9,78,9,0,179968.32
2025-10-05,SKU1005,Electronics_Item_5,ELECTRONICS,North,82.0,363.88,633.9,47,18,0,29838.16
2024-12-15,SKU1005,Electronics_Item_5,ELECTRONICS,South,,363.88,987.9,47,18,0,30202.04
2026-04-12,SKU1023,Beauty_Item_3,Beauty,West,142.0,2089.04,983.8,68,10,0,296643.68
2024-09-15,SKU1003,Electronics_Item_3,Electronics,North,255.0,280.73,1105.3,78,12,0,71586.15
2025-09-21,SKU1009,Grocery_Item_4,Grocery,West,181.0,1408.73,1199.1,23,18,0,254980.13
2025-08-10,SKU1004,Electronics_Item_4,Electronics,North,280.0,1914.79,1178.2,67,15,0,536141.2
28-12-2025,SKU1007,Grocery_Item_2,Grocery,North,290.0,1627.47,1076.1,69,10,0,471966.3
17-05-2026,SKU1022,Beauty_Item_2,Beauty,West,63.0,1765.65,71.1,38,4,0,111235.95
2026-07-05,SKU1007,Grocery_Item_2,Grocery,North,243.0,1627.47,660.0,69,10,0,395475.21
2025-04-06,SKU1003,Electronics_Item_3,Electronics,East,347.0,280.73,1053.4,78,12,1,97413.31
2025-06-08,SKU1013,Apparel_Item_3,Apparel,North,220.0,1957.04,1137.7,31,16,0,430548.8
2026-07-05,SKU1010,Grocery_Item_5,Grocery,West,131.0,2077.7,3382.7,57,7,0,272178.7
2026-02-22,SKU1015,Apparel_Item_5,Apparel,South,46.0,428.01,223.7,60,16,0,19688.46
2025-06-22,SKU1011,Apparel_Item_1,Apparel,West,149.0,1907.31,659.2,41,15,0,284189.19
27-10-2024,SKU1008,Grocery_Item_3,GROCERY,South,87.0,1136.36,829.5,33,11,0,98863.32
2024-11-17,SKU1020,Home_Item_5,Home & Kitchen,South,42.0,605.93,373.3,60,13,0,25449.06
2025-11-02,SKU1009,Grocery_Item_4,Grocery,East  ,251.0,1408.73,863.3,23,18,0,353591.23
2025-06-08,SKU1004,Electronics_Item_4,Electronics,East,249.0,1914.79,1489.1,67,15,0,476782.71
2025-02-09,SKU1001,Electronics_Item_1,Electronics,South,93.0,1946.19,1559.5,46,14,0,180995.67
2024-12-15,SKU1025,Beauty_Item_5,Beauty,West,344.0,1722.11,1441.3,28,14,0,592405.84
2025-03-23,SKU1010,Grocery_Item_5,Grocery,West,213.0,2077.7,2322.1,57,7,0,442550.1
2024-12-29,SKU1003,Electronics_Item_3,Electronics,East,390.0,280.73,5341.4,78,12,1,109484.7
2025-11-16,SKU1025,Beauty_Item_5,Beauty,South,395.0,1722.11,1319.8,28,14,0,680233.45
2025-01-26,SKU1025,Beauty_Item_5,Beauty,North,470.0,1722.11,4968.9,28,14,1,809391.7
2025-09-21,SKU1011,Apparel_Item_1,Apparel,North,2312.354808196859,1907.31,1258.2,41,15,0,366203.52
2026-07-26,SKU1022,Beauty_Item_2,Beauty,West,78.0,1765.65,722.0,38,4,0,137720.7
2026-04-19,SKU1015,Apparel_Item_5,APPAREL,East,29.0,428.01,184.8,60,16,0,12412.29
2026-01-04,SKU1004,Electronics_Item_4,Electronics,West,411.0,1914.79,414.7,67,15,0,786978.69
2026-07-26,SKU1016,Home_Item_1,Home & Kitchen,South,58.0,1874.67,588.0,78,9,0,108730.86
2026-03-15,SKU1001,Electronics_Item_1,Electronics,West,,1946.19,102.6,46,14,0,114825.21
2025-08-03,SKU1009,Grocery_Item_4,Grocery,North,168.0,1408.73,91.3,23,18,0,236666.64
2025-01-19,SKU1016,Home_Item_1,HOME & KITCHEN,West,98.0,1874.67,1246.2,78,9,0,183717.66
29-12-2024,SKU1005,Electronics_Item_5,Electronics,North,77.0,363.88,838.9,47,18,0,28018.76
2026-03-01,SKU1010,Grocery_Item_5,Grocery,North,199.0,2077.7,3365.2,57,7,0,413462.3
2025-04-27,SKU1025,Beauty_Item_5,Beauty,East,168.0,1722.11,1860.9,28,14,0,289314.48
2025-05-25,SKU1021,Beauty_Item_1,BEAUTY,North,216.0,1121.02,119.3,69,5,0,242140.32
2026-07-05,SKU1017,Home_Item_2,Home & Kitchen,South,259.0,848.27,4176.6,42,19,0,219701.93
2025-02-16,SKU1002,Electronics_Item_2,Electronics,West,314.0,2153.56,,61,4,1,676217.84
2025-09-07,SKU1007,Grocery_Item_2,GROCERY,South,231.0,1627.47,1504.8,69,10,0,375945.57
2025-10-12,SKU1022,Beauty_Item_2,Beauty,East,142.0,1765.65,1630.2,38,4,0,250722.3
2024-11-03,SKU1019,Home_Item_4,Home & Kitchen,East,286.0,368.31,696.1,48,15,0,105336.66
2025-02-02,SKU1013,Apparel_Item_3,Apparel,East,255.0,1957.04,1240.6,31,16,0,499045.2
2026-02-15,SKU1003,Electronics_Item_3,Electronics,South,294.0,280.73,1029.0,78,12,0,82534.62
2025-07-06,SKU1025,Beauty_Item_5,Beauty,East,177.0,1722.11,135.9,28,14,0,304813.47
2025-05-18,SKU1001,Electronics_Item_1,ELECTRONICS,West,73.0,1946.19,483.5,46,14,1,142071.87
2025-04-06,SKU1013,Apparel_Item_3,Apparel,South,260.0,1957.04,258.6,31,16,0,508830.4
2025-07-06,SKU1010,Grocery_Item_5,Grocery,West,175.0,2077.7,389.4,57,7,0,363597.5
2026-01-11,SKU1009,Grocery_Item_4,Grocery,North,255.0,1408.73,966.8,23,18,0,359226.15
2025-04-27,SKU1001,Electronics_Item_1,Electronics,South,46.0,1946.19,673.5,46,14,0,89524.74
2026-06-14,SKU1017,Home_Item_2,Home & Kitchen,West  ,310.0,848.27,4909.6,42,19,1,262963.7
2024-10-13,SKU1023,Beauty_Item_3,Beauty,South  ,204.0,2089.04,1024.8,68,10,0,426164.16
2025-10-19,SKU1017,Home_Item_2,HOME & KITCHEN,West,440.0,848.27,147.5,42,19,0,373238.8
2025-08-17,SKU1011,Apparel_Item_1,Apparel,South,176.0,1907.31,2146.2,41,15,0,335686.56
2025-06-08,SKU1001,Electronics_Item_1,Electronics,East,52.0,1946.19,336.5,46,14,0,101201.88
2026-07-05,SKU1023,Beauty_Item_3,Beauty,North,116.0,2089.04,432.9,68,10,0,242328.64
2025-03-02,SKU1020,Home_Item_5,Home & Kitchen,East,38.0,605.93,91.6,60,13,0,23025.34
2025-11-30,SKU1004,Electronics_Item_4,Electronics,East,437.0,1914.79,2492.7,67,15,0,836763.23
2026-04-19,SKU1009,Grocery_Item_4,Grocery,West,188.0,1408.73,749.7,23,18,0,264841.24
2026-05-24,SKU1001,Electronics_Item_1,Electronics,North,47.0,1946.19,472.0,46,14,0,91470.93
2024-12-29,SKU1006,Grocery_Item_1,GROCERY,North,298.0,958.46,2714.0,75,6,0,285621.08
2025-10-26,SKU1022,Beauty_Item_2,BEAUTY,West,112.0,1765.65,1405.2,38,4,0,197752.8
2026-02-15,SKU1007,Grocery_Item_2,Grocery,South,208.0,1627.47,2968.1,69,10,0,338513.76
2026-01-18,SKU1002,Electronics_Item_2,Electronics,West,254.0,2153.56,1147.1,61,4,0,547004.24
2025-12-21,SKU1013,Apparel_Item_3,Apparel,North,362.0,1957.04,969.1,31,16,0,708448.48
2026-06-14,SKU1024,Beauty_Item_4,Beauty,East,80.0,999.32,1527.7,37,19,0,79945.6
2025-09-07,SKU1009,Grocery_Item_4,Grocery,,246.0,1408.73,433.1,23,18,0,346547.58
2025-08-10,SKU1013,Apparel_Item_3,Apparel,East,273.0,1957.04,260.2,31,16,0,534271.92
2026-08-16,SKU1011,Apparel_Item_1,Apparel,North,181.0,1907.31,203.9,41,15,0,345223.11
2025-10-26,SKU1006,Grocery_Item_1,Grocery,North,346.0,958.46,285.2,75,6,0,331627.16
2025-02-09,SKU1023,Beauty_Item_3,BEAUTY,South,,2089.04,420.3,68,10,0,401095.68
2025-04-27,SKU1021,Beauty_Item_1,Beauty,South,207.0,,1002.3,69,5,0,232051.14
2025-08-10,SKU1012,Apparel_Item_2,Apparel,South  ,72.0,2428.21,163.1,73,11,0,174831.12
2025-11-30,SKU1019,Home_Item_4,Home & Kitchen,East,256.0,368.31,1297.0,48,15,0,94287.36
2026-01-11,SKU1001,Electronics_Item_1,Electronics,West,83.0,1946.19,361.4,46,14,0,161533.77
13-07-2025,SKU1017,Home_Item_2,HOME & KITCHEN,East,286.0,848.27,862.3,42,19,0,242605.22
2024-09-29,SKU1014,Apparel_Item_4,APPAREL,East,,1193.47,315.1,22,11,0,227952.77
2026-04-19,SKU1019,Home_Item_4,Home & Kitchen,West,184.0,368.31,1254.9,48,15,0,67769.04
2025-12-21,SKU1025,Beauty_Item_5,Beauty,South,281.0,1722.11,,28,14,0,483912.91
2025-04-27,SKU1023,Beauty_Item_3,Beauty,East,125.0,2089.04,2283.9,68,10,0,261130.0
2025-05-25,SKU1008,Grocery_Item_3,Grocery,North,45.0,1136.36,402.2,33,11,0,51136.2
28-12-2025,SKU1023,Beauty_Item_3,Beauty,West,217.0,2089.04,702.7,68,10,0,453321.68
2024-11-24,SKU1011,Apparel_Item_1,Apparel,,166.0,1907.31,649.8,41,15,0,316613.46
2025-05-04,SKU1017,Home_Item_2,Home & Kitchen,North,251.0,848.27,1011.7,42,19,0,212915.77
2026-04-05,SKU1025,Beauty_Item_5,Beauty,North,200.0,1722.11,4392.2,28,14,0,344422.0
2024-10-20,SKU1025,Beauty_Item_5,Beauty,North  ,312.0,1722.11,909.3,28,14,0,537298.32
2026-06-21,SKU1008,Grocery_Item_3,Grocery,South,72.0,1136.36,130.8,33,11,0,81817.92
2024-11-17,SKU1014,Apparel_Item_4,Apparel,North,260.0,1193.47,71.1,22,11,0,310302.2
08-06-2025,SKU1007,Grocery_Item_2,Grocery,East,214.0,1627.47,1314.8,69,10,0,348278.58
2026-01-25,SKU1013,Apparel_Item_3,APPAREL,North,295.0,1957.04,957.3,31,16,0,577326.8
2025-05-18,SKU1017,Home_Item_2,Home & Kitchen,South,217.0,848.27,609.7,42,19,0,184074.59
2026-08-09,SKU1010,Grocery_Item_5,Grocery,East,190.0,2077.7,2477.7,57,7,0,394763.0
2024-10-06,SKU1008,Grocery_Item_3,Grocery,South,93.0,,1139.5,33,11,0,105681.48
2024-09-22,SKU1005,Electronics_Item_5,Electronics,South,66.0,363.88,291.9,47,18,0,24016.08
2026-01-11,SKU1002,Electronics_Item_2,Electronics,East,264.0,2153.56,112.2,61,4,0,568539.84
2025-08-03,SKU1011,Apparel_Item_1,Apparel,West,125.0,1907.31,2477.2,41,15,0,238413.75
2026-03-01,SKU1016,Home_Item_1,Home & Kitchen,South,62.0,1874.67,321.2,78,9,0,116229.54
2026-01-11,SKU1010,Grocery_Item_5,Grocery,East  ,205.0,2077.7,1051.9,57,7,0,425928.5
2025-06-15,SKU1002,Electronics_Item_2,Electronics,South,123.0,2153.56,1244.7,61,4,0,264887.88
2025-07-06,SKU1020,Home_Item_5,HOME & KITCHEN,East,35.0,605.93,549.2,60,13,0,21207.55
2026-02-08,SKU1004,Electronics_Item_4,Electronics,West,,1914.79,524.8,67,15,0,700813.14
2024-10-27,SKU1021,Beauty_Item_1,Beauty,West,475.0,1121.02,689.4,69,5,1,532484.5
2025-10-19,SKU1015,Apparel_Item_5,APPAREL,South,48.0,428.01,131.2,60,16,0,20544.48
2025-05-11,SKU1015,Apparel_Item_5,Apparel,East,29.0,428.01,263.3,60,16,0,12412.29
2025-12-07,SKU1002,Electronics_Item_2,Electronics,South,344.0,2153.56,513.3,61,4,1,740824.64
2025-06-08,SKU1016,Home_Item_1,Home & Kitchen,South,60.0,1874.67,139.7,78,9,0,112480.2
20-04-2025,SKU1021,Beauty_Item_1,Beauty,North,447.0,1121.02,1209.3,69,5,1,501095.94
2025-08-24,SKU1011,Apparel_Item_1,Apparel,North  ,155.0,1907.31,1991.2,41,15,0,295633.05
2025-07-13,SKU1023,Beauty_Item_3,BEAUTY,East,145.0,2089.04,867.9,68,10,0,302910.8
2026-03-01,SKU1023,Beauty_Item_3,Beauty,East,,,,68,10,1,724896.88
2025-07-06,SKU1011,Apparel_Item_1,Apparel,North,156.0,1907.31,363.2,41,15,0,297540.36
2026-03-15,SKU1005,Electronics_Item_5,Electronics,South,64.0,363.88,228.1,47,18,0,23288.32
2024-10-20,SKU1009,Grocery_Item_4,Grocery,East,214.0,1408.73,828.4,23,18,0,301468.22
2026-02-01,SKU1016,Home_Item_1,Home & Kitchen,East,83.0,,621.2,78,9,0,155597.61
2024-12-22,SKU1016,Home_Item_1,Home & Kitchen,South,103.0,1874.67,1647.2,78,9,0,193091.01
2025-09-21,SKU1016,Home_Item_1,Home & Kitchen,North,69.0,1874.67,208.3,78,9,0,129352.23
2026-02-01,SKU1014,Apparel_Item_4,Apparel,South,212.0,1193.47,798.6,22,11,1,253015.64
2025-11-02,SKU1006,Grocery_Item_1,Grocery,North,373.0,958.46,1382.2,75,6,0,357505.58
2024-09-29,SKU1015,Apparel_Item_5,Apparel,East,45.0,428.01,190.0,60,16,0,19260.45
23-08-2026,SKU1019,Home_Item_4,Home & Kitchen,North,285.0,368.31,198.6,48,15,0,104968.35
2026-02-22,SKU1024,Beauty_Item_4,Beauty,East,140.0,999.32,89.6,37,19,0,139904.8
2025-09-07,SKU1017,Home_Item_2,Home & Kitchen,East,343.0,848.27,795.4,42,19,0,290956.61
2025-11-30,SKU1007,Grocery_Item_2,Grocery,East,276.0,1627.47,922.7,69,10,0,449181.72
2025-08-03,SKU1025,Beauty_Item_5,Beauty,South,214.0,1722.11,3374.2,28,14,0,368531.54
2024-09-08,SKU1002,Electronics_Item_2,Electronics,East,145.0,2153.56,1080.7,61,4,0,312266.2
2025-01-26,SKU1007,Grocery_Item_2,Grocery,West,328.0,1627.47,1514.9,69,10,0,533810.16
2025-10-05,SKU1012,Apparel_Item_2,Apparel,South,91.0,2428.21,1150.7,73,11,0,220967.11
2026-03-22,SKU1008,Grocery_Item_3,Grocery,East,68.0,1136.36,956.8,33,11,0,77272.48
2025-05-04,SKU1020,Home_Item_5,Home & Kitchen,East,37.0,605.93,149.4,60,13,1,22419.41
2025-08-31,SKU1011,Apparel_Item_1,Apparel,East,151.0,1907.31,1840.2,41,15,0,288003.81
2025-01-12,SKU1007,Grocery_Item_2,GROCERY,West,278.0,1627.47,730.5,69,10,0,452436.66
2025-03-23,SKU1022,Beauty_Item_2,Beauty,North,97.0,1765.65,387.4,38,4,0,171268.05
2025-11-09,SKU1005,Electronics_Item_5,Electronics,South,93.0,363.88,220.9,47,18,0,33840.84
2026-07-05,SKU1016,Home_Item_1,Home & Kitchen,North,58.0,1874.67,207.6,78,9,0,108730.86
2026-05-03,SKU1005,Electronics_Item_5,Electronics,North,52.0,363.88,203.4,47,18,0,18921.76
2025-05-04,SKU1012,Apparel_Item_2,Apparel,South,71.0,2428.21,1115.1,73,11,0,172402.91
2025-03-09,SKU1014,Apparel_Item_4,Apparel,South,,1193.47,218.4,22,11,0,194535.61
2024-09-29,SKU1010,Grocery_Item_5,Grocery,East,275.0,2077.7,367.4,57,7,0,571367.5
2026-08-23,SKU1014,Apparel_Item_4,Apparel,North,,1193.47,612.8,22,11,1,293593.62
2026-06-14,SKU1014,Apparel_Item_4,Apparel,South,194.0,1193.47,1025.6,22,11,1,231533.18
2025-05-18,SKU1025,Beauty_Item_5,Beauty,West,185.0,1722.11,1323.9,28,14,0,318590.35
2024-11-03,SKU1022,Beauty_Item_2,Beauty,,142.0,1765.65,1453.2,38,4,0,250722.3
02-08-2026,SKU1002,Electronics_Item_2,ELECTRONICS,West,163.0,2153.56,2104.3,61,4,0,351030.28
2025-08-17,SKU1009,Grocery_Item_4,Grocery,West,205.0,1408.73,1115.1,23,18,0,288789.65
2024-09-08,SKU1009,Grocery_Item_4,Grocery,North,191.0,1408.73,885.5,23,18,0,269067.43
2026-06-28,SKU1007,Grocery_Item_2,Grocery,East,234.0,1627.47,903.0,69,10,0,380827.98
2025-05-25,SKU1001,Electronics_Item_1,Electronics,East,48.0,1946.19,435.5,46,14,0,93417.12
2024-09-22,SKU1007,Grocery_Item_2,Grocery,East,289.0,1627.47,559.9,69,10,0,470338.83
2025-04-06,SKU1007,Grocery_Item_2,Grocery,South,228.0,1627.47,537.9,69,10,0,371063.16
2026-08-16,SKU1024,Beauty_Item_4,Beauty,South,79.0,999.32,689.7,37,19,0,78946.28
2026-06-21,SKU1003,Electronics_Item_3,Electronics,East,302.0,280.73,1371.8,78,12,0,84780.46
2025-01-05,SKU1013,Apparel_Item_3,APPAREL,North,248.0,1957.04,877.6,31,16,0,485345.92
2025-02-09,SKU1015,Apparel_Item_5,Apparel,South,42.0,428.01,353.8,60,16,0,17976.42
2025-03-30,SKU1003,Electronics_Item_3,Electronics,West,338.0,280.73,1400.4,78,12,1,94886.74
2025-03-23,SKU1014,Apparel_Item_4,APPAREL,South,135.0,1193.47,1159.1,22,11,0,161118.45
2025-08-31,SKU1022,Beauty_Item_2,Beauty,East,98.0,1765.65,184.6,38,4,0,173033.7
10-08-2025,SKU1001,Electronics_Item_1,Electronics,North,66.0,1946.19,345.3,46,14,0,128448.54
2026-05-24,SKU1018,Home_Item_3,Home & Kitchen,South,,1200.41,152.4,31,17,0,175259.86
2025-06-29,SKU1023,Beauty_Item_3,Beauty,East,,2089.04,1132.9,68,10,0,236061.52
2025-06-22,SKU1023,Beauty_Item_3,Beauty,South,141.0,2089.04,1245.9,68,10,0,294554.64
20-04-2025,SKU1002,Electronics_Item_2,ELECTRONICS,North,142.0,2153.56,2255.7,61,4,0,305805.52
2025-11-09,SKU1017,Home_Item_2,Home & Kitchen,East,332.0,848.27,956.6,42,19,0,281625.64
2025-12-28,SKU1025,Beauty_Item_5,Beauty,East,342.0,1722.11,846.5,28,14,0,588961.62
2025-08-24,SKU1008,Grocery_Item_3,Grocery,East,95.0,1136.36,559.7,33,11,0,107954.2
2025-05-25,SKU1012,Apparel_Item_2,Apparel,East  ,54.0,2428.21,931.1,73,11,0,131123.34
2024-11-24,SKU1001,Electronics_Item_1,Electronics,South,119.0,1946.19,385.0,46,14,0,231596.61
2025-03-16,SKU1005,Electronics_Item_5,Electronics,East,54.0,363.88,174.9,47,18,0,19649.52
2026-04-19,SKU1008,Grocery_Item_3,Grocery,West,66.0,1136.36,682.8,33,11,0,74999.76
2026-02-22,SKU1002,Electronics_Item_2,Electronics,South,185.0,2153.56,122.1,61,4,0,398408.6
11-05-2025,SKU1023,Beauty_Item_3,Beauty,South,201.0,2089.04,1983.9,68,10,1,419897.04
2025-09-21,SKU1008,Grocery_Item_3,Grocery,East,111.0,1136.36,200.7,33,11,0,126135.96
2026-07-26,SKU1012,Apparel_Item_2,Apparel,South,,2428.21,473.5,73,11,0,174831.12
03-11-2024,SKU1018,Home_Item_3,Home & Kitchen,West,192.0,1200.41,34.6,31,17,0,230478.72
2025-10-26,SKU1015,Apparel_Item_5,Apparel,East,48.0,428.01,,60,16,0,20544.48
2024-12-01,SKU1023,Beauty_Item_3,Beauty,West,324.0,2089.04,412.4,68,10,1,676848.96
2025-08-31,SKU1018,Home_Item_3,Home & Kitchen,South,177.0,1200.41,834.2,31,17,0,212472.57
2025-08-03,SKU1002,Electronics_Item_2,Electronics,North,157.0,2153.56,230.7,61,4,0,338108.92
2025-01-12,SKU1006,Grocery_Item_1,Grocery,East,360.0,958.46,1985.0,75,6,0,345045.6
2025-12-07,SKU1018,Home_Item_3,Home & Kitchen,North,206.0,1200.41,1601.0,31,17,0,247284.46
2024-10-13,SKU1004,Electronics_Item_4,Electronics,West,375.0,1914.79,1186.2,67,15,0,718046.25
2026-05-10,SKU1018,Home_Item_3,Home & Kitchen,East,132.0,1200.41,451.4,31,17,0,158454.12
2026-07-12,SKU1022,Beauty_Item_2,Beauty,West,80.0,1765.65,871.0,38,4,0,141252.0
2026-06-21,SKU1022,Beauty_Item_2,Beauty,North,65.0,1765.65,1096.0,38,4,0,114767.25
2026-07-19,SKU1024,Beauty_Item_4,Beauty,,91.0,999.32,1037.7,37,19,0,90938.12
2025-06-15,SKU1013,Apparel_Item_3,Apparel,West,238.0,1957.04,899.7,31,16,0,465775.52
2025-06-15,SKU1020,Home_Item_5,Home & Kitchen,North,30.0,605.93,653.2,60,13,0,18177.9
2025-10-12,SKU1025,Beauty_Item_5,Beauty,West,326.0,1722.11,702.2,28,14,0,561407.86
2026-05-03,SKU1004,Electronics_Item_4,Electronics,West,310.0,1914.79,2000.9,67,15,0,593584.9
2025-02-02,SKU1020,Home_Item_5,Home & Kitchen,West,31.0,605.93,-93.6,60,13,0,18783.83
2025-09-21,SKU1012,Apparel_Item_2,Apparel,West,94.0,2428.21,111.1,73,11,0,228251.74
2025-05-04,SKU1015,Apparel_Item_5,Apparel,South,26.0,428.01,72.7,60,16,0,11128.26
2025-08-24,SKU1019,Home_Item_4,Home & Kitchen,South,413.0,368.31,4910.0,48,15,1,152112.03
2025-09-28,SKU1008,Grocery_Item_3,Grocery,South,104.0,1136.36,96.7,33,11,0,118181.44
2025-03-16,SKU1024,Beauty_Item_4,Beauty,North,102.0,999.32,572.5,37,19,0,101930.64
2026-02-08,SKU1010,Grocery_Item_5,Grocery,West,303.0,2077.7,175.9,57,7,1,629543.1
2026-02-15,SKU1017,Home_Item_2,Home & Kitchen,,267.0,848.27,344.7,42,19,0,226488.09
2024-09-08,SKU1025,Beauty_Item_5,Beauty,South,386.0,1722.11,908.1,28,14,1,664734.46
2026-01-04,SKU1015,Apparel_Item_5,APPAREL,East,44.0,428.01,173.7,60,16,0,18832.44
2026-03-22,SKU1022,Beauty_Item_2,Beauty,North,85.0,1765.65,670.1,38,4,0,150080.25
2026-03-15,SKU1007,Grocery_Item_2,Grocery,West,273.0,1627.47,1727.1,69,10,0,444299.31
2025-05-18,SKU1011,Apparel_Item_1,Apparel,East,180.0,1907.31,371.5,41,15,0,343315.8
2026-04-19,SKU1020,Home_Item_5,Home & Kitchen,South,32.0,605.93,378.2,60,13,0,19389.76
2024-10-20,SKU1004,Electronics_Item_4,Electronics,East,329.0,1914.79,857.2,67,15,0,629965.91
2025-11-30,SKU1024,Beauty_Item_4,Beauty,East,133.0,999.32,,37,19,0,132909.56
2025-01-19,SKU1004,Electronics_Item_4,Electronics,North,600.0,1914.79,1955.7,67,15,1,1148874.0
2026-03-15,SKU1012,Apparel_Item_2,Apparel,East,69.0,2428.21,1006.4,73,11,0,167546.49
2025-08-03,SKU1008,Grocery_Item_3,GROCERY,East,88.0,1136.36,176.5,33,11,1,99999.68
2026-04-05,SKU1008,Grocery_Item_3,Grocery,East,75.0,1136.36,806.8,33,11,0,85227.0
2025-05-25,SKU1011,Apparel_Item_1,Apparel,South,125.0,1907.31,246.5,41,15,0,238413.75
2025-05-04,SKU1018,Home_Item_3,Home & Kitchen,East,131.0,1200.41,537.5,31,17,0,157253.71
2025-11-16,SKU1012,Apparel_Item_2,Apparel,North,89.0,2428.21,,73,11,0,216110.69
2025-04-27,SKU1004,Electronics_Item_4,Electronics,West,207.0,1914.79,1422.6,67,15,0,396361.53
2025-09-07,SKU1010,Grocery_Item_5,Grocery,South,191.0,2077.7,58.5,57,7,0,396840.7
2026-01-11,SKU1025,Beauty_Item_5,Beauty,West,334.0,1722.11,218.5,28,14,0,575184.74
2025-03-30,SKU1019,Home_Item_4,Home & Kitchen,North,184.0,368.31,277.0,48,15,0,67769.04
2025-03-09,SKU1015,Apparel_Item_5,Apparel,West,,428.01,140.8,60,16,0,15408.36
2026-05-10,SKU1019,Home_Item_4,Home & Kitchen,West,285.0,368.31,604.9,48,15,1,104968.35
2025-09-21,SKU1021,Beauty_Item_1,Beauty,,291.0,1121.02,416.7,69,5,0,326216.82
2024-09-29,SKU1016,Home_Item_1,Home & Kitchen,South,84.0,1874.67,308.0,78,9,0,157472.28
2025-09-07,SKU1015,Apparel_Item_5,Apparel,West  ,46.0,428.01,185.8,60,16,0,19688.46
2025-03-16,SKU1004,Electronics_Item_4,Electronics,East,297.0,1914.79,1248.9,67,15,0,568692.63
2026-05-24,SKU1020,Home_Item_5,Home & Kitchen,West,37.0,605.93,200.2,60,13,0,22419.41
2026-01-25,SKU1009,Grocery_Item_4,Grocery,East,219.0,1408.73,491.8,23,18,0,308511.87
2026-01-11,SKU1012,Apparel_Item_2,Apparel,East,75.0,2428.21,343.1,73,11,0,182115.75
2026-02-22,SKU1004,Electronics_Item_4,Electronics,East,464.0,1914.79,5104.9,67,15,0,888462.56
2025-11-23,SKU1017,Home_Item_2,Home & Kitchen,North,456.0,848.27,64.6,42,19,0,386811.12
2026-05-17,SKU1020,Home_Item_5,Home & Kitchen,West,29.0,605.93,237.2,60,13,0,17571.97
2025-11-23,SKU1001,Electronics_Item_1,Electronics,West,117.0,1946.19,553.7,46,14,0,227704.23
2024-11-10,SKU1010,Grocery_Item_5,Grocery,West,247.0,2077.7,,57,7,0,513191.9
2025-05-11,SKU1021,Beauty_Item_1,BEAUTY,West,,1121.02,561.3,69,5,0,226446.04
2026-04-05,SKU1012,Apparel_Item_2,Apparel,East,89.0,2428.21,780.4,73,11,0,216110.69
2025-08-03,SKU1006,Grocery_Item_1,Grocery,,237.0,958.46,1206.3,75,6,0,227155.02
2026-06-28,SKU1024,Beauty_Item_4,BEAUTY,West,90.0,999.32,1363.7,37,19,0,89938.8
2026-01-04,SKU1009,Grocery_Item_4,GROCERY,West  ,289.0,1408.73,1221.8,23,18,0,407122.97
2026-04-19,SKU1016,Home_Item_1,Home & Kitchen,East,74.0,1874.67,312.3,78,9,0,138725.58
2025-12-28,SKU1012,Apparel_Item_2,Apparel,South,88.0,2428.21,125.7,73,11,0,213682.48
2026-03-08,SKU1008,Grocery_Item_3,GROCERY,South,84.0,1136.36,1091.8,33,11,0,95454.24
2026-03-29,SKU1008,Grocery_Item_3,GROCERY,West,75.0,1136.36,881.8,33,11,0,85227.0
2025-01-12,SKU1018,Home_Item_3,Home & Kitchen,East,187.0,1200.41,240.6,31,17,0,224476.67
2025-07-06,SKU1022,Beauty_Item_2,Beauty,North,,1765.65,388.5,38,4,1,222471.9
2025-02-09,SKU1005,Electronics_Item_5,Electronics,West,,363.88,474.9,47,18,0,16374.6
2026-01-11,SKU1016,Home_Item_1,Home & Kitchen,North,65.0,1874.67,307.1,78,9,0,121853.55
2026-07-05,SKU1008,Grocery_Item_3,Grocery,West  ,60.0,1136.36,421.6,33,11,0,68181.6
2026-07-19,SKU1007,Grocery_Item_2,Grocery,East,251.0,1627.47,181.0,69,10,0,408494.97
2025-12-07,SKU1006,Grocery_Item_1,GROCERY,West,392.0,958.46,812.3,75,6,0,375716.32
2025-11-16,SKU1011,Apparel_Item_1,Apparel,South,178.0,1907.31,2356.5,41,15,0,339501.18
28-09-2025,SKU1017,Home_Item_2,Home & Kitchen,East,338.0,848.27,1237.5,42,19,0,286715.26
2026-03-08,SKU1021,Beauty_Item_1,Beauty,North,344.0,1121.02,804.5,69,5,0,385630.88
2025-06-29,SKU1019,Home_Item_4,Home & Kitchen,South,188.0,368.31,241.7,48,15,0,69242.28
2026-08-09,SKU1009,Grocery_Item_4,Grocery,North,156.0,,484.3,23,18,0,219761.88
2026-06-28,SKU1019,Home_Item_4,Home & Kitchen,North,177.0,368.31,489.9,48,15,0,65190.87
2025-04-06,SKU1002,Electronics_Item_2,Electronics,North,162.0,2153.56,2519.7,61,4,0,348876.72
2026-08-23,SKU1018,Home_Item_3,Home & Kitchen,East,199.0,1200.41,248.4,31,17,0,238881.59
2024-12-08,SKU1024,Beauty_Item_4,Beauty,West,132.0,999.32,327.6,37,19,0,131910.24
2025-11-30,SKU1010,Grocery_Item_5,Grocery,West,174.0,2077.7,1203.0,57,7,0,361519.8
2025-08-10,SKU1022,Beauty_Item_2,BEAUTY,North,135.0,,485.6,38,4,1,238362.75
2025-06-08,SKU1015,Apparel_Item_5,Apparel,East,36.0,428.01,151.3,60,16,1,15408.36
2025-09-14,SKU1020,Home_Item_5,HOME & KITCHEN,East,42.0,605.93,122.2,60,13,0,25449.06
2025-11-23,SKU1013,Apparel_Item_3,Apparel,,325.0,1957.04,768.5,31,16,0,636038.0
2025-06-01,SKU1017,Home_Item_2,Home & Kitchen,East,219.0,848.27,182.7,42,19,0,185771.13
2025-08-17,SKU1023,Beauty_Item_3,Beauty,North,141.0,2089.04,139.9,68,10,0,294554.64
2025-05-18,SKU1013,Apparel_Item_3,Apparel,South,205.0,1957.04,211.0,31,16,0,401193.2
2025-11-16,SKU1023,Beauty_Item_3,Beauty,East,220.0,2089.04,905.4,68,10,0,459588.8
2025-01-26,SKU1006,Grocery_Item_1,Grocery,North,376.0,,1313.0,75,6,0,360380.96
2025-09-07,SKU1002,Electronics_Item_2,Electronics,South,204.0,2153.56,294.6,61,4,0,439326.24
2025-07-27,SKU1001,Electronics_Item_1,Electronics,East,54.0,1946.19,491.3,46,14,0,105094.26
2026-05-17,SKU1001,Electronics_Item_1,Electronics,South,40.0,1946.19,519.0,46,14,0,77847.6
2026-07-12,SKU1004,Electronics_Item_4,Electronics,West,284.0,1914.79,1342.4,67,15,0,543800.36
2026-08-09,SKU1024,Beauty_Item_4,Beauty,North,82.0,999.32,768.7,37,19,0,81944.24
2025-10-05,SKU1017,Home_Item_2,Home & Kitchen,East,301.0,848.27,936.5,42,19,0,255329.27
2025-11-09,SKU1011,Apparel_Item_1,Apparel,South,185.0,1907.31,2534.5,41,15,0,352852.35
2025-06-29,SKU1014,Apparel_Item_4,Apparel,North  ,116.0,1193.47,2590.9,22,11,0,138442.52
2026-04-05,SKU1024,Beauty_Item_4,Beauty,West,89.0,999.32,90.8,37,19,0,88939.48
2025-05-11,SKU1002,Electronics_Item_2,ELECTRONICS,East,120.0,2153.56,1876.7,61,4,0,258427.2
2026-03-22,SKU1011,Apparel_Item_1,Apparel,North,192.0,1907.31,,41,15,0,366203.52
05-07-2026,SKU1011,Apparel_Item_1,Apparel,North,263.0,1907.31,59.0,41,15,1,501622.53
2026-01-25,SKU1006,Grocery_Item_1,Grocery,East,406.0,958.46,1198.6,75,6,0,389134.76
2026-05-31,SKU1012,Apparel_Item_2,Apparel,South,87.0,2428.21,208.4,73,11,0,211254.27
2025-12-28,SKU1022,Beauty_Item_2,Beauty,North,,1765.65,243.2,38,4,0,203049.75
2024-10-13,SKU1018,Home_Item_3,Home & Kitchen,West,184.0,1200.41,619.6,31,17,0,220875.44
2025-11-30,SKU1023,Beauty_Item_3,Beauty,East,279.0,2089.04,380.4,68,10,0,582842.16
2026-05-17,SKU1011,Apparel_Item_1,Apparel,North,161.0,1907.31,303.7,41,15,0,307076.91
2025-02-09,SKU1016,Home_Item_1,Home & Kitchen,West,108.0,1874.67,943.2,78,9,0,202464.36
2025-02-23,SKU1019,Home_Item_4,Home & Kitchen,South,,368.31,1345.0,48,15,0,78450.03
2026-05-31,SKU1011,Apparel_Item_1,Apparel,West,157.0,1907.31,926.0,41,15,0,299447.67
02-02-2025,SKU1025,Beauty_Item_5,Beauty,North  ,269.0,1722.11,4699.9,28,14,0,463247.59
2026-08-09,SKU1005,Electronics_Item_5,Electronics,North,69.0,363.88,182.3,47,18,0,25107.72
2026-02-22,SKU1011,Apparel_Item_1,Apparel,West,169.0,1907.31,567.4,41,15,0,322335.39
2025-12-07,SKU1025,Beauty_Item_5,Beauty,West,335.0,1722.11,208.8,28,14,0,576906.85
2026-08-09,SKU1019,Home_Item_4,Home & Kitchen,South,212.0,368.31,616.6,48,15,0,78081.72
2026-08-02,SKU1017,Home_Item_2,HOME & KITCHEN,West,,848.27,3150.6,42,19,0,229881.17
2025-12-21,SKU1023,Beauty_Item_3,Beauty,North,221.0,2089.04,,68,10,0,461677.84
2026-05-03,SKU1022,Beauty_Item_2,Beauty,West,65.0,1765.65,211.1,38,4,0,114767.25
2025-06-08,SKU1024,Beauty_Item_4,Beauty,South,82.0,999.32,,37,19,0,81944.24
2026-04-12,SKU1002,Electronics_Item_2,Electronics,South,166.0,2153.56,1006.2,61,4,0,357490.96
2024-10-06,SKU1002,Electronics_Item_2,Electronics,South,202.0,2153.56,297.7,61,4,0,435019.12
2024-12-22,SKU1002,Electronics_Item_2,Electronics,North,219.0,2153.56,285.0,61,4,0,471629.64
2025-11-02,SKU1005,Electronics_Item_5,ELECTRONICS,West,74.0,363.88,313.9,47,18,0,26927.12
2024-11-10,SKU1016,Home_Item_1,Home & Kitchen,North,103.0,1874.67,225.5,78,9,0,193091.01
2025-04-06,SKU1015,Apparel_Item_5,Apparel,North,32.0,428.01,201.7,60,16,0,13696.32
2024-12-01,SKU1008,Grocery_Item_3,Grocery,South,100.0,1136.36,235.5,33,11,0,113636.0
2025-09-28,SKU1002,Electronics_Item_2,Electronics,East,200.0,2153.56,948.7,61,4,0,430712.0
2025-01-05,SKU1021,Beauty_Item_1,Beauty,East,,1121.02,812.3,69,5,0,263439.7
31-05-2026,SKU1003,Electronics_Item_3,Electronics,West,221.0,280.73,502.2,78,12,0,62041.33
2026-03-22,SKU1012,Apparel_Item_2,Apparel,West,76.0,2428.21,930.4,73,11,0,184543.96
2026-08-16,SKU1008,Grocery_Item_3,Grocery,West,82.0,1136.36,412.3,33,11,0,93181.52
2026-05-03,SKU1008,Grocery_Item_3,Grocery,West,72.0,1136.36,552.8,33,11,0,81817.92
2025-10-12,SKU1009,Grocery_Item_4,Grocery,East,222.0,1408.73,501.1,23,18,0,312738.06
2024-10-06,SKU1022,Beauty_Item_2,Beauty,North,92.0,1765.65,2024.2,38,4,0,162439.8
2024-10-27,SKU1011,Apparel_Item_1,Apparel,North  ,190.0,1907.31,,41,15,0,362388.9
2024-12-08,SKU1001,Electronics_Item_1,ELECTRONICS,East,91.0,1946.19,189.0,46,14,0,177103.29
2026-02-15,SKU1013,Apparel_Item_3,Apparel,West,324.0,1957.04,39.3,31,16,0,634080.96
2026-03-22,SKU1010,Grocery_Item_5,Grocery,West,222.0,2077.7,2725.2,57,7,0,461249.4
11-05-2025,SKU1022,Beauty_Item_2,Beauty,East,67.0,1765.65,473.9,38,4,0,118298.55
2025-06-29,SKU1021,Beauty_Item_1,Beauty,East,266.0,1121.02,518.5,69,5,0,298191.32
2024-09-29,SKU1023,Beauty_Item_3,Beauty,North,198.0,2089.04,294.4,68,10,0,413629.92
2026-03-01,SKU1004,Electronics_Item_4,Electronics,South,341.0,1914.79,4763.9,67,15,0,652943.39
2024-10-20,SKU1015,Apparel_Item_5,APPAREL,South,44.0,428.01,310.6,60,16,0,18832.44
01-03-2026,SKU1001,Electronics_Item_1,Electronics,West,94.0,1946.19,273.6,46,14,0,182941.86
2025-04-13,SKU1001,Electronics_Item_1,Electronics,East,,1946.19,780.5,46,14,1,192672.81
2025-10-12,SKU1016,Home_Item_1,Home & Kitchen,East,89.0,1874.67,436.7,78,9,0,166845.63
2025-01-26,SKU1016,Home_Item_1,HOME & KITCHEN,North,101.0,1874.67,1145.2,78,9,0,189341.67
2025-07-13,SKU1002,Electronics_Item_2,Electronics,South,144.0,2153.56,678.7,61,4,0,310112.64
2025-06-01,SKU1004,Electronics_Item_4,Electronics,South,214.0,1914.79,245.6,67,15,0,409765.06
2026-05-24,SKU1003,Electronics_Item_3,Electronics,North,215.0,280.73,723.2,78,12,0,60356.95
2026-03-08,SKU1024,Beauty_Item_4,Beauty,South,114.0,999.32,483.8,37,19,0,113922.48
2026-02-01,SKU1022,Beauty_Item_2,Beauty,West  ,124.0,1765.65,89.6,38,4,0,218940.6
2025-09-07,SKU1012,Apparel_Item_2,Apparel,North,74.0,2428.21,271.1,73,11,0,179687.54
2026-03-01,SKU1024,Beauty_Item_4,Beauty,North,142.0,0.0,597.8,37,19,1,141903.44
2025-11-16,SKU1002,Electronics_Item_2,Electronics,West,295.0,2153.56,291.2,61,4,0,635300.2
2025-04-20,SKU1016,Home_Item_1,Home & Kitchen,East  ,69.0,1874.67,160.2,78,9,0,129352.23
2026-08-09,SKU1013,Apparel_Item_3,Apparel,North,321.0,1957.04,4618.0,31,16,0,628209.84
2025-08-17,SKU1005,Electronics_Item_5,Electronics,North,52.0,363.88,1113.9,47,18,0,18921.76
2025-06-01,SKU1018,Home_Item_3,Home & Kitchen,South,162.0,1200.41,1050.0,31,17,1,194466.42
2025-02-16,SKU1003,Electronics_Item_3,Electronics,South,225.0,280.73,2996.4,78,12,0,63164.25
2024-09-22,SKU1014,Apparel_Item_4,Apparel,West  ,238.0,1193.47,506.1,22,11,0,284045.86
2025-10-05,SKU1013,Apparel_Item_3,APPAREL,South,304.0,1957.04,1683.7,31,16,0,594940.16
2025-03-23,SKU1023,Beauty_Item_3,Beauty,East,133.0,2089.04,3048.9,68,10,0,277842.32
2025-03-30,SKU1010,Grocery_Item_5,Grocery,South  ,204.0,,2118.1,57,7,0,423850.8
2025-06-08,SKU1014,Apparel_Item_4,Apparel,West,114.0,1193.47,3029.9,22,11,0,136055.58
2025-03-30,SKU1007,Grocery_Item_2,Grocery,North  ,207.0,1627.47,765.9,69,10,0,336886.29
2025-03-30,SKU1018,Home_Item_3,Home & Kitchen,,155.0,1200.41,407.0,31,17,0,186063.55
2025-08-24,SKU1024,Beauty_Item_4,Beauty,South,95.0,999.32,1451.3,37,19,0,94935.4
2025-09-28,SKU1016,Home_Item_1,Home & Kitchen,East,98.0,1874.67,110.3,78,9,0,183717.66
2025-04-06,SKU1021,Beauty_Item_1,Beauty,North,229.0,1121.02,1867.3,69,5,0,256713.58
2026-06-21,SKU1002,Electronics_Item_2,Electronics,North,116.0,2153.56,3134.3,61,4,0,249812.96
2025-07-13,SKU1005,Electronics_Item_5,Electronics,West,51.0,363.88,1382.9,47,18,0,18557.88
2026-02-15,SKU1008,Grocery_Item_3,Grocery,South,92.0,1136.36,1322.8,33,11,0,104545.12
04-01-2026,SKU1023,Beauty_Item_3,Beauty,North,310.0,2089.04,392.7,68,10,1,647602.4
2024-10-20,SKU1001,Electronics_Item_1,Electronics,North,113.0,1946.19,380.5,46,14,0,219919.47
2025-02-02,SKU1024,Beauty_Item_4,Beauty,West  ,104.0,,575.6,37,19,0,103929.28
2025-11-30,SKU1022,Beauty_Item_2,Beauty,East,148.0,1765.65,758.2,38,4,0,261316.2
2026-06-07,SKU1025,Beauty_Item_5,Beauty,East,,1722.11,2726.2,28,14,0,280703.93
2026-08-16,SKU1006,Grocery_Item_1,GROCERY,East,296.0,958.46,322.8,75,6,0,283704.16
12-01-2025,SKU1013,Apparel_Item_3,Apparel,West,265.0,1957.04,,31,16,0,518615.6
2026-04-05,SKU1023,Beauty_Item_3,Beauty,North,147.0,2089.04,161.3,68,10,0,307088.88
2025-03-09,SKU1005,Electronics_Item_5,Electronics,West,49.0,363.88,228.9,47,18,0,17830.12
2026-08-23,SKU1001,Electronics_Item_1,Electronics,East,74.0,1946.19,281.6,46,14,0,144018.06
2026-04-19,SKU1011,Apparel_Item_1,Apparel,South,146.0,1907.31,924.7,41,15,0,278467.26
2026-02-22,SKU1001,Electronics_Item_1,Electronics,South,99.0,1946.19,367.6,46,14,1,192672.81
2026-03-08,SKU1010,Grocery_Item_5,Grocery,West,1932.6566112831954,2077.7,3190.2,57,7,0,363597.5
2024-09-22,SKU1010,Grocery_Item_5,Grocery,West,210.0,2077.7,642.4,57,7,0,436317.0
2024-11-24,SKU1020,Home_Item_5,Home & Kitchen,West,46.0,605.93,327.3,60,13,0,27872.78
2025-01-05,SKU1025,Beauty_Item_5,Beauty,North,,1722.11,507.3,28,14,0,442582.27
2025-11-23,SKU1023,Beauty_Item_3,Beauty,West,246.0,2089.04,659.4,68,10,0,513903.84
2025-03-23,SKU1018,Home_Item_3,Home & Kitchen,West,139.0,1200.41,562.0,31,17,0,166856.99
20-10-2024,SKU1002,Electronics_Item_2,ELECTRONICS,West  ,256.0,2153.56,1175.9,61,4,0,551311.36
23-08-2026,SKU1004,Electronics_Item_4,Electronics,West,371.0,1914.79,1460.9,67,15,0,710387.09
2024-12-15,SKU1007,Grocery_Item_2,Grocery,East,248.0,1627.47,474.6,69,10,0,403612.56
2024-10-20,SKU1021,Beauty_Item_1,Beauty,South,362.0,1121.02,1164.4,69,5,0,405809.24
2025-04-06,SKU1019,Home_Item_4,Home & Kitchen,East,196.0,368.31,81.0,48,15,0,72188.76
2024-12-22,SKU1009,Grocery_Item_4,Grocery,East,294.0,1408.73,1262.8,23,18,0,414166.62
2026-08-16,SKU1019,Home_Item_4,Home & Kitchen,West,133.0,368.31,483.6,48,15,0,48985.23
2025-08-03,SKU1023,Beauty_Item_3,BEAUTY,South,138.0,2089.04,437.9,68,10,0,288287.52
2024-11-24,SKU1015,Apparel_Item_5,Apparel,North,61.0,428.01,873.8,60,16,0,26108.61
2024-12-22,SKU1006,Grocery_Item_1,Grocery,North,,958.46,3012.0,75,6,0,328751.78
2024-12-29,SKU1010,Grocery_Item_5,GROCERY,North,257.0,2077.7,5116.1,57,7,0,533968.9
2026-01-11,SKU1022,Beauty_Item_2,Beauty,East,100.0,1765.65,573.6,38,4,0,176565.0
2025-09-07,SKU1020,Home_Item_5,Home & Kitchen,West,76.0,605.93,164.2,60,13,1,46050.68
18-01-2026,SKU1022,Beauty_Item_2,Beauty,West,133.0,1765.65,440.6,38,4,0,234831.45
2024-12-22,SKU1011,Apparel_Item_1,Apparel,North,256.0,1907.31,1058.9,41,15,1,488271.36
2025-11-30,SKU1005,Electronics_Item_5,Electronics,North,94.0,363.88,313.2,47,18,0,34204.72
2025-01-26,SKU1010,Grocery_Item_5,Grocery,South,225.0,2077.7,,57,7,0,467482.5
2024-11-03,SKU1015,Apparel_Item_5,Apparel,North,45.0,428.01,,60,16,0,19260.45
2026-04-19,SKU1005,Electronics_Item_5,Electronics,East,61.0,363.88,310.4,47,18,0,22196.68
2025-01-05,SKU1001,Electronics_Item_1,ELECTRONICS,,100.0,1946.19,356.7,46,14,0,194619.0
2025-06-22,SKU1006,Grocery_Item_1,Grocery,South,190.0,958.46,862.9,75,6,0,182107.4
2024-09-01,SKU1003,Electronics_Item_3,Electronics,East  ,266.0,280.73,1619.3,78,12,0,74674.18
2024-11-17,SKU1005,Electronics_Item_5,Electronics,South,125.0,363.88,1281.9,47,18,1,45485.0
2026-05-31,SKU1018,Home_Item_3,HOME & KITCHEN,South,119.0,1200.41,33.4,31,17,0,142848.79
2026-03-01,SKU1008,Grocery_Item_3,Grocery,South,80.0,1136.36,1175.8,33,11,0,90908.8
2024-11-17,SKU1012,Apparel_Item_2,Apparel,South  ,,2428.21,150.2,73,11,0,196685.01
2026-01-11,SKU1008,Grocery_Item_3,GROCERY,South,84.0,1136.36,1819.8,33,11,0,95454.24
2026-02-01,SKU1018,Home_Item_3,Home & Kitchen,East,208.0,1200.41,604.6,31,17,0,249685.28
2025-12-28,SKU1013,Apparel_Item_3,Apparel,East  ,324.0,1957.04,645.1,31,16,0,634080.96
2026-03-22,SKU1015,Apparel_Item_5,Apparel,West,42.0,428.01,67.7,60,16,0,17976.42
2025-04-20,SKU1014,Apparel_Item_4,Apparel,South,166.0,1193.47,587.1,22,11,0,198116.02
2024-12-15,SKU1022,Beauty_Item_2,Beauty,South,144.0,1765.65,650.2,38,4,0,254253.6
2025-05-25,SKU1023,Beauty_Item_3,BEAUTY,West,119.0,2089.04,1734.9,68,10,0,248595.76
2025-11-09,SKU1025,Beauty_Item_5,Beauty,West,352.0,1722.11,350.7,28,14,0,606182.72
2024-12-08,SKU1003,Electronics_Item_3,Electronics,East,290.0,280.73,473.0,78,12,0,81411.7
2024-09-15,SKU1010,Grocery_Item_5,Grocery,West,208.0,2077.7,852.4,57,7,0,432161.6
2025-06-22,SKU1018,Home_Item_3,Home & Kitchen,East,173.0,1200.41,630.0,31,17,0,207670.93
2025-06-29,SKU1011,Apparel_Item_1,Apparel,East,140.0,1907.31,519.2,41,15,0,267023.4
2025-10-19,SKU1013,Apparel_Item_3,Apparel,South,338.0,1957.04,1021.7,31,16,0,661479.52
2026-02-22,SKU1021,Beauty_Item_1,Beauty,West  ,290.0,1121.02,1430.5,69,5,0,325095.8
2025-05-04,SKU1013,Apparel_Item_3,Apparel,South  ,245.0,1957.04,597.0,31,16,0,479474.8
2026-06-14,SKU1015,Apparel_Item_5,Apparel,North,29.0,428.01,233.5,60,16,0,12412.29
2025-12-28,SKU1017,Home_Item_2,Home & Kitchen,West,387.0,848.27,2908.7,42,19,0,328280.49
2025-07-20,SKU1024,Beauty_Item_4,Beauty,West,105.0,999.32,1972.3,37,19,0,104928.6
2026-06-07,SKU1015,Apparel_Item_5,Apparel,East,,428.01,262.5,60,16,0,10272.24
2024-09-01,SKU1015,Apparel_Item_5,Apparel,North,32.0,428.01,163.3,60,16,0,13696.32
2026-05-31,SKU1025,Beauty_Item_5,Beauty,South,153.0,1722.11,2889.2,28,14,0,263482.83
2025-08-03,SKU1019,Home_Item_4,Home & Kitchen,South,209.0,368.31,470.9,48,15,0,76976.79
2024-09-08,SKU1011,Apparel_Item_1,APPAREL,South  ,181.0,1907.31,712.4,41,15,0,345223.11
2025-01-12,SKU1015,Apparel_Item_5,Apparel,East,54.0,428.01,557.8,60,16,0,23112.54
2025-02-09,SKU1005,Electronics_Item_5,Electronics,West,,363.88,474.9,47,18,0,16374.6
2025-08-24,SKU1021,Beauty_Item_1,Beauty,East,334.0,1121.02,1678.7,69,5,0,374420.68
2026-03-29,SKU1010,Grocery_Item_5,Grocery,North,156.0,2077.7,2569.2,57,7,0,324121.2
2026-06-07,SKU1022,Beauty_Item_2,Beauty,South,69.0,1765.65,1251.0,38,4,0,121829.85
2026-05-31,SKU1010,Grocery_Item_5,Grocery,West,131.0,2077.7,769.2,57,7,0,272178.7
2025-03-23,SKU1007,Grocery_Item_2,Grocery,South,224.0,1627.47,972.9,69,10,0,364553.28
2024-09-15,SKU1018,Home_Item_3,Home & Kitchen,East,137.0,1200.41,,31,17,0,164456.17
2025-08-31,SKU1019,Home_Item_4,Home & Kitchen,East,239.0,368.31,4671.0,48,15,0,88026.09
2025-10-26,SKU1001,Electronics_Item_1,ELECTRONICS,North,85.0,1946.19,356.4,46,14,0,165426.15
2025-12-14,SKU1022,Beauty_Item_2,Beauty,South,143.0,1765.65,475.2,38,4,0,252487.95
2024-10-13,SKU1002,Electronics_Item_2,Electronics,North,185.0,2153.56,112.7,61,4,0,398408.6
2026-03-01,SKU1015,Apparel_Item_5,Apparel,West,41.0,428.01,182.7,60,16,0,17548.41
2025-04-13,SKU1016,Home_Item_1,HOME & KITCHEN,South,74.0,1874.67,229.2,78,9,0,138725.58
2026-02-01,SKU1005,Electronics_Item_5,Electronics,West  ,75.0,363.88,289.5,47,18,0,27291.0
2025-06-15,SKU1004,Electronics_Item_4,Electronics,West,234.0,1914.79,1255.1,67,15,0,448060.86
2025-03-23,SKU1009,Grocery_Item_4,Grocery,West,183.0,1408.73,3423.3,23,18,0,257797.59
2026-03-29,SKU1005,Electronics_Item_5,Electronics,East,49.0,,118.1,47,18,0,17830.12
2025-01-19,SKU1020,Home_Item_5,Home & Kitchen,East,39.0,605.93,168.6,60,13,0,23631.27
2026-05-31,SKU1023,Beauty_Item_3,Beauty,South,105.0,2089.04,1084.9,68,10,0,219349.2
2025-12-28,SKU1024,Beauty_Item_4,BEAUTY,East,114.0,999.32,457.8,37,19,0,113922.48
2026-03-15,SKU1017,Home_Item_2,Home & Kitchen,East,290.0,848.27,551.3,42,19,0,245998.3
2025-11-02,SKU1017,Home_Item_2,Home & Kitchen,North,371.0,848.27,1288.6,42,19,0,314708.17
2025-06-08,SKU1025,Beauty_Item_5,Beauty,North,151.0,1722.11,844.9,28,14,0,260038.61
2026-07-19,SKU1002,Electronics_Item_2,Electronics,East  ,182.0,2153.56,2383.3,61,4,0,391947.92
2025-11-02,SKU1004,Electronics_Item_4,Electronics,North,421.0,1914.79,4099.7,67,15,0,806126.59
2025-12-14,SKU1013,Apparel_Item_3,Apparel,South,427.0,1957.04,1331.1,31,16,0,835656.08
2025-03-16,SKU1006,Grocery_Item_1,Grocery,West,279.0,958.46,748.9,75,6,0,267410.34
2024-12-15,SKU1004,Electronics_Item_4,Electronics,South,419.0,1914.79,4173.7,67,15,0,802297.01
2025-05-18,SKU1002,Electronics_Item_2,Electronics,East,128.0,2153.56,1748.7,61,4,0,275655.68
2024-09-01,SKU1024,Beauty_Item_4,Beauty,East  ,93.0,999.32,53.5,37,19,0,92936.76
24-08-2025,SKU1017,Home_Item_2,Home & Kitchen,South,331.0,848.27,1424.4,42,19,0,280777.37
2026-04-19,SKU1010,Grocery_Item_5,GROCERY,North,192.0,2077.7,1978.2,57,7,0,398918.4
2024-10-27,SKU1006,Grocery_Item_1,Grocery,West,296.0,,825.2,75,6,0,283704.16
2025-07-06,SKU1024,Beauty_Item_4,Beauty,North,85.0,999.32,2213.3,37,19,0,84942.2
2025-11-30,SKU1021,Beauty_Item_1,Beauty,East,304.0,1121.02,315.9,69,5,0,340790.08
14-06-2026,SKU1007,Grocery_Item_2,Grocery,South,229.0,1627.47,1377.0,69,10,0,372690.63
2025-01-19,SKU1010,Grocery_Item_5,GROCERY,North,216.0,2077.7,,57,7,0,448783.2
2025-08-03,SKU1013,Apparel_Item_3,Apparel,South  ,253.0,1957.04,533.2,31,16,0,495131.12
2026-01-11,SKU1019,Home_Item_4,Home & Kitchen,West,269.0,368.31,1044.1,48,15,0,99075.39
2025-06-22,SKU1010,Grocery_Item_5,Grocery,West,170.0,2077.7,820.4,57,7,0,353209.0
2026-03-29,SKU1021,Beauty_Item_1,Beauty,East,294.0,1121.02,1438.9,69,5,0,329579.88
2024-12-08,SKU1025,Beauty_Item_5,Beauty,East  ,367.0,1722.11,207.9,28,14,0,632014.37
2025-02-16,SKU1011,Apparel_Item_1,Apparel,South,169.0,1907.31,467.0,41,15,0,322335.39
2025-07-20,SKU1017,Home_Item_2,Home & Kitchen,North,255.0,848.27,607.3,42,19,0,216308.85
2025-12-21,SKU1015,Apparel_Item_5,Apparel,South,52.0,428.01,318.7,60,16,0,22256.52
2026-07-12,SKU1009,Grocery_Item_4,Grocery,South,168.0,1408.73,1251.3,23,18,0,236666.64
2026-07-05,SKU1006,Grocery_Item_1,Grocery,South,173.0,958.46,250.8,75,6,0,165813.58
2025-05-04,SKU1011,Apparel_Item_1,Apparel,West,123.0,1907.31,678.5,41,15,0,234599.13
2025-08-24,SKU1020,Home_Item_5,Home & Kitchen,South,34.0,605.93,284.2,60,13,0,20601.62
2024-12-29,SKU1002,Electronics_Item_2,Electronics,West,,2153.56,1119.4,61,4,0,536236.44
2026-07-19,SKU1016,Home_Item_1,Home & Kitchen,North,51.0,1874.67,97.6,78,9,0,95608.17
2025-03-02,SKU1003,Electronics_Item_3,Electronics,East,303.0,280.73,2433.4,78,12,0,85061.19
2025-09-21,SKU1005,Electronics_Item_5,Electronics,,,363.88,816.9,47,18,0,21832.8
2025-07-20,SKU1015,Apparel_Item_5,Apparel,North,25.0,428.01,226.5,60,16,0,10700.25
2024-10-06,SKU1023,Beauty_Item_3,Beauty,East,,2089.04,100.4,68,10,0,405273.76
2025-05-25,SKU1006,Grocery_Item_1,Grocery,West,196.0,958.46,1567.9,75,6,0,187858.16
2026-08-09,SKU1025,Beauty_Item_5,Beauty,South,345.0,1722.11,636.2,28,14,1,594127.95
2025-03-23,SKU1012,Apparel_Item_2,Apparel,West,59.0,2428.21,78.0,73,11,0,143264.39
2025-08-03,SKU1015,Apparel_Item_5,Apparel,South,32.0,428.01,160.5,60,16,0,13696.32
2025-11-02,SKU1012,Apparel_Item_2,Apparel,East,84.0,2428.21,804.7,73,11,0,203969.64
2026-08-16,SKU1018,Home_Item_3,HOME & KITCHEN,South,155.0,1200.41,447.4,31,17,0,186063.55
2025-04-06,SKU1022,Beauty_Item_2,Beauty,East,87.0,1765.65,232.4,38,4,0,153611.55
2026-03-22,SKU1007,Grocery_Item_2,Grocery,South,273.0,1627.47,1454.1,69,10,0,444299.31
2025-07-27,SKU1010,Grocery_Item_5,Grocery,South,203.0,,1263.5,57,7,0,421773.1
2026-05-17,SKU1002,Electronics_Item_2,Electronics,South,105.0,2153.56,266.2,61,4,0,226123.8
02-02-2025,SKU1003,Electronics_Item_3,ELECTRONICS,South,419.0,280.73,3605.4,78,12,1,117625.87
2026-06-21,SKU1011,Apparel_Item_1,Apparel,East,135.0,1907.31,484.0,41,15,0,257486.85
2024-09-01,SKU1021,Beauty_Item_1,Beauty,West,291.0,1121.02,1583.6,69,5,0,326216.82
2025-04-06,SKU1013,Apparel_Item_3,Apparel,South,260.0,1957.04,258.6,31,16,0,508830.4
2026-05-31,SKU1008,Grocery_Item_3,Grocery,South,56.0,1136.36,334.8,33,11,0,63636.16
2024-10-06,SKU1006,Grocery_Item_1,Grocery,South,289.0,958.46,364.0,75,6,0,276994.94
2026-08-16,SKU1016,Home_Item_1,Home & Kitchen,West,66.0,1874.67,391.0,78,9,0,123728.22
2025-03-02,SKU1001,Electronics_Item_1,Electronics,South,77.0,1946.19,1319.5,46,14,0,149856.63
2024-12-15,SKU1002,Electronics_Item_2,ELECTRONICS,South,194.0,2153.56,504.0,61,4,0,417790.64
2025-07-20,SKU1011,Apparel_Item_1,Apparel,,133.0,,2737.2,41,15,0,253672.23
2026-08-02,SKU1004,Electronics_Item_4,Electronics,West,285.0,1914.79,485.4,67,15,0,545715.15
2024-09-15,SKU1002,Electronics_Item_2,Electronics,West,204.0,2153.56,876.7,61,4,0,439326.24
2026-08-16,SKU1013,Apparel_Item_3,Apparel,South,315.0,1957.04,4303.0,31,16,0,616467.6
2025-04-13,SKU1017,Home_Item_2,Home & Kitchen,West,263.0,848.27,1704.7,42,19,0,223095.01
2026-08-16,SKU1009,Grocery_Item_4,GROCERY,East,229.0,1408.73,255.3,23,18,0,322599.17
2025-08-31,SKU1020,Home_Item_5,Home & Kitchen,South,44.0,605.93,240.2,60,13,0,26660.92
2025-09-07,SKU1023,Beauty_Item_3,Beauty,East,227.0,2089.04,739.7,68,10,0,474212.08
2026-08-23,SKU1021,Beauty_Item_1,Beauty,West,302.0,1121.02,961.0,69,5,0,338548.04
2026-05-31,SKU1007,Grocery_Item_2,Grocery,South,231.0,1627.47,417.0,69,10,0,375945.57
07-06-2026,SKU1010,Grocery_Item_5,Grocery,West,186.0,2077.7,583.2,57,7,0,386452.2
2026-02-22,SKU1019,Home_Item_4,Home & Kitchen,West,423.0,368.31,1287.6,48,15,1,155795.13
2025-03-09,SKU1018,Home_Item_3,Home & Kitchen,North,133.0,1200.41,825.0,31,17,0,159654.53
2025-01-05,SKU1002,Electronics_Item_2,Electronics,East,331.0,2153.56,,61,4,1,712828.36
2024-10-13,SKU1011,Apparel_Item_1,Apparel,East,368.0,1907.31,873.6,41,15,1,701890.08
2025-11-09,SKU1015,Apparel_Item_5,Apparel,West,59.0,428.01,607.7,60,16,0,25252.59
2025-05-11,SKU1001,Electronics_Item_1,Electronics,West,61.0,,556.5,46,14,0,118717.59
2026-06-28,SKU1004,Electronics_Item_4,Electronics,West,212.0,1914.79,1887.4,67,15,0,405935.48
2025-12-07,SKU1008,Grocery_Item_3,Grocery,South,,1136.36,446.9,33,11,0,85227.0
2026-06-21,SKU1024,Beauty_Item_4,Beauty,West,74.0,999.32,1453.7,37,19,0,73949.68
2025-06-22,SKU1002,Electronics_Item_2,Electronics,North,102.0,2153.56,1142.7,61,4,0,219663.12
2025-09-07,SKU1005,Electronics_Item_5,Electronics,East,52.0,363.88,944.9,47,18,0,18921.76
2025-08-31,SKU1013,Apparel_Item_3,Apparel,North,265.0,1957.04,1180.3,31,16,0,518615.6
12-07-2026,SKU1025,Beauty_Item_5,Beauty,East,197.0,1722.11,1793.2,28,14,0,339255.67
2026-06-28,SKU1022,Beauty_Item_2,Beauty,West,71.0,1765.65,1025.0,38,4,0,125361.15
2025-03-16,SKU1022,Beauty_Item_2,Beauty,North,78.0,1765.65,484.4,38,4,0,137720.7
2024-12-22,SKU1010,Grocery_Item_5,Grocery,East,227.0,2077.7,191.4,57,7,0,471637.9
2026-03-01,SKU1017,Home_Item_2,Home & Kitchen,West,,848.27,1183.3,42,19,1,416500.57
2025-11-30,SKU1001,Electronics_Item_1,Electronics,North  ,100.0,1946.19,453.7,46,14,0,194619.0
2026-08-09,SKU1006,Grocery_Item_1,Grocery,South,311.0,958.46,618.8,75,6,0,298081.06
2024-11-17,SKU1013,Apparel_Item_3,Apparel,North,366.0,1957.04,2981.6,31,16,0,716276.64
2025-01-19,SKU1015,Apparel_Item_5,APPAREL,South,44.0,428.01,513.8,60,16,0,18832.44
2025-02-02,SKU1010,Grocery_Item_5,Grocery,North,243.0,2077.7,3979.1,57,7,0,504881.1
2025-07-27,SKU1018,Home_Item_3,Home & Kitchen,East,116.0,1200.41,798.6,31,17,0,139247.56
23-03-2025,SKU1001,Electronics_Item_1,Electronics,South,,1946.19,1006.5,46,14,0,171264.72
30-11-2025,SKU1012,Apparel_Item_2,Apparel,East,83.0,2428.21,473.7,73,11,0,201541.43
2026-04-26,SKU1005,Electronics_Item_5,Electronics,West,55.0,363.88,255.4,47,18,0,20013.4
2026-08-23,SKU1003,Electronics_Item_3,Electronics,West,359.0,280.73,1571.0,78,12,0,100782.07
2026-07-26,SKU1021,Beauty_Item_1,Beauty,East,307.0,1121.02,555.5,69,5,0,344153.14
2025-02-16,SKU1024,Beauty_Item_4,Beauty,North,,999.32,390.6,37,19,0,91937.44
2025-05-18,SKU1019,Home_Item_4,Home & Kitchen,South,194.0,368.31,214.8,48,15,0,71452.14
2025-06-01,SKU1015,Apparel_Item_5,Apparel,West,24.0,428.01,187.3,60,16,0,10272.24
2025-04-20,SKU1007,Grocery_Item_2,Grocery,East,232.0,1627.47,1472.2,69,10,0,377573.04
2025-01-26,SKU1009,Grocery_Item_4,Grocery,East  ,282.0,1408.73,5233.3,23,18,0,397261.86
2026-07-19,SKU1023,Beauty_Item_3,Beauty,North,127.0,2089.04,191.9,68,10,0,265308.08
2025-02-23,SKU1002,Electronics_Item_2,Electronics,East,217.0,2153.56,3518.7,61,4,0,467322.52
2025-02-02,SKU1007,Grocery_Item_2,GROCERY,East  ,388.0,1627.47,1126.9,69,10,1,631458.36
2025-05-04,SKU1002,Electronics_Item_2,Electronics,East,122.0,2153.56,1996.7,61,4,0,262734.32
2025-11-23,SKU1024,Beauty_Item_4,Beauty,East,100.0,999.32,476.6,37,19,0,99932.0
17-11-2024,SKU1006,Grocery_Item_1,Grocery,South,360.0,958.46,4716.0,75,6,0,345045.6
2025-04-20,SKU1019,Home_Item_4,Home & Kitchen,West,171.0,368.31,980.8,48,15,0,62981.01
16-11-2025,SKU1009,Grocery_Item_4,Grocery,West,,1408.73,318.3,23,18,0,411349.16
2026-05-03,SKU1011,Apparel_Item_1,Apparel,North,146.0,1907.31,619.7,41,15,0,278467.26
2025-11-16,SKU1006,Grocery_Item_1,Grocery,North,469.0,958.46,303.2,75,6,0,449517.74
2025-09-21,SKU1002,Electronics_Item_2,Electronics,South,283.0,2153.56,,61,4,1,609457.48
2025-10-12,SKU1011,Apparel_Item_1,Apparel,South,151.0,1907.31,779.2,41,15,0,288003.81
2025-03-09,SKU1002,Electronics_Item_2,ELECTRONICS,West,154.0,2153.56,3197.7,61,4,0,331648.24
2024-12-29,SKU1021,Beauty_Item_1,Beauty,South,379.0,1121.02,1047.3,69,5,0,424866.58
30-03-2025,SKU1006,Grocery_Item_1,Grocery,North,484.0,958.46,1467.9,75,6,1,463894.64
09-02-2025,SKU1009,Grocery_Item_4,Grocery,North,251.0,1408.73,4607.3,23,18,0,353591.23
2025-11-30,SKU1011,Apparel_Item_1,Apparel,North,201.0,,1947.5,41,15,0,383369.31
2025-08-10,SKU1020,Home_Item_5,Home & Kitchen,South,,605.93,375.2,60,13,0,23631.27
2025-02-02,SKU1009,Grocery_Item_4,Grocery,South,375.0,1408.73,4858.3,23,18,1,528273.75
2025-04-20,SKU1017,Home_Item_2,HOME & KITCHEN,West,191.0,848.27,1513.7,42,19,0,162019.57
2024-09-08,SKU1024,Beauty_Item_4,Beauty,East,100.0,999.32,615.6,37,19,0,99932.0
2026-03-15,SKU1008,Grocery_Item_3,Grocery,East,67.0,,1024.8,33,11,0,76136.12
2025-06-29,SKU1001,Electronics_Item_1,Electronics,North,57.0,1946.19,184.5,46,14,0,110932.83
2024-12-29,SKU1011,Apparel_Item_1,Apparel,North,218.0,1907.31,840.9,41,15,0,415793.58
2026-03-29,SKU1013,Apparel_Item_3,Apparel,South,263.0,1957.04,1299.6,31,16,0,514701.52
2025-06-22,SKU1013,Apparel_Item_3,Apparel,North,250.0,1957.04,649.7,31,16,0,489260.0
2026-03-08,SKU1014,Apparel_Item_4,Apparel,South,137.0,1193.47,934.8,22,11,0,163505.39
2025-11-16,SKU1022,Beauty_Item_2,Beauty,South,98.0,1765.65,1041.2,38,4,0,173033.7
2025-11-09,SKU1018,Home_Item_3,Home & Kitchen,East,237.0,1200.41,2491.0,31,17,0,284497.17
2025-07-27,SKU1012,Apparel_Item_2,Apparel,West,80.0,2428.21,311.1,73,11,0,194256.8
2025-07-13,SKU1018,Home_Item_3,Home & Kitchen,South,157.0,1200.41,189.0,31,17,0,188464.37
2025-12-07,SKU1019,Home_Item_4,Home & Kitchen,North,262.0,368.31,1035.0,48,15,0,96497.22
2024-09-15,SKU1025,Beauty_Item_5,Beauty,East,223.0,1722.11,685.1,28,14,0,384030.53
2025-06-15,SKU1023,Beauty_Item_3,Beauty,East,133.0,2089.04,1386.9,68,10,0,277842.32
2026-03-08,SKU1004,Electronics_Item_4,Electronics,South,329.0,1914.79,4434.9,67,15,0,629965.91
2025-03-16,SKU1003,Electronics_Item_3,ELECTRONICS,South,265.0,280.73,1954.4,78,12,0,74393.45
2025-06-01,SKU1012,Apparel_Item_2,Apparel,West,54.0,2428.21,877.1,73,11,0,131123.34
2024-10-20,SKU1010,Grocery_Item_5,Grocery,East,248.0,2077.7,955.7,57,7,0,515269.6
2025-03-30,SKU1005,Electronics_Item_5,Electronics,West,44.0,363.88,61.9,47,18,0,16010.72
2025-09-28,SKU1018,Home_Item_3,HOME & KITCHEN,West,,1200.41,176.2,31,17,0,232879.54
2026-06-28,SKU1023,Beauty_Item_3,Beauty,South,113.0,2089.04,548.9,68,10,0,236061.52
2025-07-27,SKU1006,Grocery_Item_1,Grocery,West,261.0,958.46,1443.3,75,6,0,250158.06
2026-08-16,SKU1025,Beauty_Item_5,Beauty,East,235.0,1722.11,401.2,28,14,0,404695.85
2024-12-15,SKU1016,Home_Item_1,Home & Kitchen,South,111.0,1874.67,1750.2,78,9,0,208088.37
2026-04-19,SKU1013,Apparel_Item_3,Apparel,North,239.0,1957.04,,31,16,0,467732.56
2025-08-24,SKU1009,Grocery_Item_4,Grocery,West,229.0,1408.73,886.1,23,18,0,322599.17
2026-07-12,SKU1010,Grocery_Item_5,Grocery,West,171.0,2077.7,3211.7,57,7,0,355286.7
2025-10-19,SKU1021,Beauty_Item_1,Beauty,West  ,427.0,1121.02,,69,5,0,478675.54
2024-10-13,SKU1019,Home_Item_4,Home & Kitchen,East,383.0,368.31,,48,15,1,141062.73
2025-12-14,SKU1005,Electronics_Item_5,Electronics,North,76.0,363.88,155.2,47,18,0,27654.88
2025-01-26,SKU1011,Apparel_Item_1,Apparel,West,205.0,1907.31,980.0,41,15,1,390998.55
2024-12-01,SKU1003,Electronics_Item_3,ELECTRONICS,West,329.0,280.73,763.0,78,12,0,92360.17
2026-06-28,SKU1017,Home_Item_2,Home & Kitchen,North,196.0,848.27,4435.6,42,19,0,166260.92
2024-10-13,SKU1003,Electronics_Item_3,Electronics,West,283.0,280.73,1408.5,78,12,0,79446.59
2025-06-22,SKU1007,Grocery_Item_2,Grocery,West,229.0,1627.47,899.8,69,10,0,372690.63
2024-09-08,SKU1015,Apparel_Item_5,Apparel,,33.0,428.01,130.3,60,16,0,14124.33
05-07-2026,SKU1019,Home_Item_4,Home & Kitchen,,203.0,368.31,286.9,48,15,0,74766.93
2026-01-11,SKU1011,Apparel_Item_1,Apparel,East,210.0,1907.31,719.5,41,15,0,400535.1
2026-05-31,SKU1021,Beauty_Item_1,Beauty,East,245.0,1121.02,684.6,69,5,0,274649.9
2025-04-27,SKU1017,Home_Item_2,Home & Kitchen,East,251.0,848.27,1262.7,42,19,0,212915.77
2026-06-07,SKU1019,Home_Item_4,HOME & KITCHEN,East,159.0,368.31,1044.9,48,15,0,58561.29
2026-08-02,SKU1012,Apparel_Item_2,Apparel,West,79.0,2428.21,394.5,73,11,0,191828.59
2024-12-22,SKU1025,Beauty_Item_5,Beauty,East,343.0,1722.11,1098.3,28,14,0,590683.73
2025-08-10,SKU1005,Electronics_Item_5,Electronics,South,46.0,363.88,1165.9,47,18,0,16738.48
18-05-2025,SKU1022,Beauty_Item_2,Beauty,South,45.0,1765.65,428.9,38,4,0,79454.25
2025-02-16,SKU1014,Apparel_Item_4,Apparel,East,195.0,1193.47,747.4,22,11,0,232726.65
2025-04-13,SKU1011,Apparel_Item_1,Apparel,South,139.0,1907.31,184.5,41,15,0,265116.09
2025-06-08,SKU1019,Home_Item_4,HOME & KITCHEN,East  ,183.0,368.31,739.7,48,15,0,67400.73
2026-05-17,SKU1018,Home_Item_3,Home & Kitchen,North,153.0,1200.41,298.4,31,17,0,183662.73
2026-07-19,SKU1021,Beauty_Item_1,Beauty,West,280.0,1121.02,862.5,69,5,0,313885.6
2025-01-05,SKU1020,Home_Item_5,Home & Kitchen,South,40.0,605.93,251.6,60,13,0,24237.2
2025-06-15,SKU1024,Beauty_Item_4,Beauty,East,77.0,999.32,2442.3,37,19,0,76947.64
2024-12-29,SKU1007,Grocery_Item_2,Grocery,,339.0,1627.47,1307.5,69,10,0,551712.33
2025-06-01,SKU1008,Grocery_Item_3,Grocery,West,92.0,,310.2,33,11,1,104545.12
2026-05-10,SKU1025,Beauty_Item_5,Beauty,North,197.0,1722.11,3427.2,28,14,0,339255.67
2024-11-24,SKU1002,Electronics_Item_2,Electronics,North,237.0,2153.56,1138.0,61,4,0,510393.72
2024-12-01,SKU1005,Electronics_Item_5,Electronics,West,77.0,363.88,1146.9,47,18,0,28018.76
2025-09-07,SKU1006,Grocery_Item_1,Grocery,West,291.0,958.46,1192.3,75,6,0,278911.86
2025-06-01,SKU1005,Electronics_Item_5,Electronics,West,,363.88,183.4,47,18,0,17466.24
2026-01-04,SKU1006,Grocery_Item_1,Grocery,East  ,375.0,958.46,746.4,75,6,0,359422.5
2026-01-18,SKU1014,Apparel_Item_4,Apparel,South,209.0,1193.47,133.6,22,11,0,249435.23
2026-04-12,SKU1004,Electronics_Item_4,Electronics,West,295.0,1914.79,2905.9,67,15,0,564863.05
2025-06-01,SKU1006,Grocery_Item_1,Grocery,North,178.0,958.46,1389.9,75,6,0,170605.88
2025-03-02,SKU1005,Electronics_Item_5,Electronics,East,60.0,363.88,277.9,47,18,0,21832.8
2025-01-19,SKU1008,Grocery_Item_3,Grocery,North,95.0,1136.36,118.0,33,11,0,107954.2
15-12-2024,SKU1019,Home_Item_4,Home & Kitchen,East,276.0,368.31,3871.0,48,15,0,101653.56
2026-04-19,SKU1004,Electronics_Item_4,Electronics,East,314.0,1914.79,2591.9,67,15,0,601244.06
2026-06-14,SKU1001,Electronics_Item_1,ELECTRONICS,South,52.0,1946.19,317.0,46,14,0,101201.88
2025-02-16,SKU1025,Beauty_Item_5,Beauty,South,236.0,1722.11,4210.9,28,14,0,406417.96
2025-01-12,SKU1010,Grocery_Item_5,Grocery,South,214.0,2077.7,4663.1,57,7,0,444627.8
2026-05-10,SKU1020,Home_Item_5,Home & Kitchen,East,47.0,605.93,266.2,60,13,1,28478.71
2025-01-19,SKU1002,Electronics_Item_2,Electronics,West,207.0,2153.56,364.4,61,4,0,445786.92
2025-01-05,SKU1011,Apparel_Item_1,Apparel,South,163.0,1907.31,677.9,41,15,0,310891.53
2024-09-29,SKU1013,Apparel_Item_3,Apparel,South,280.0,1957.04,399.1,31,16,0,547971.2
2025-09-21,SKU1024,Beauty_Item_4,Beauty,West,107.0,999.32,1016.3,37,19,0,106927.24
22-12-2024,SKU1014,Apparel_Item_4,Apparel,South,245.0,1193.47,128.6,22,11,0,292400.15
13-04-2025,SKU1005,Electronics_Item_5,Electronics,North  ,53.0,363.88,252.5,47,18,0,19285.64
14-06-2026,SKU1011,Apparel_Item_1,Apparel,South,165.0,1907.31,619.0,41,15,0,314706.15
2025-12-21,SKU1019,Home_Item_4,HOME & KITCHEN,West,302.0,368.31,353.0,48,15,0,111229.62
2026-03-22,SKU1014,Apparel_Item_4,Apparel,East  ,171.0,1193.47,607.8,22,11,0,204083.37
2025-04-06,SKU1012,Apparel_Item_2,Apparel,East,69.0,2428.21,1421.1,73,11,0,167546.49
2025-09-07,SKU1014,Apparel_Item_4,Apparel,North,165.0,1193.47,1157.9,22,11,0,196922.55
2025-06-15,SKU1025,Beauty_Item_5,Beauty,West,233.0,1722.11,611.9,28,14,1,401251.63
2026-06-07,SKU1007,Grocery_Item_2,Grocery,West,,1627.47,190.0,69,10,0,369435.69
2025-11-16,SKU1005,Electronics_Item_5,Electronics,South,82.0,363.88,138.9,47,18,0,29838.16
2025-11-02,SKU1010,Grocery_Item_5,GROCERY,North,,2077.7,725.6,57,7,0,419695.4
2025-09-14,SKU1006,Grocery_Item_1,Grocery,East,307.0,958.46,885.3,75,6,0,294247.22
2026-08-09,SKU1004,Electronics_Item_4,Electronics,West,273.0,1914.79,212.4,67,15,0,522737.67
2025-10-12,SKU1013,Apparel_Item_3,Apparel,East,324.0,1957.04,1359.7,31,16,0,634080.96
26-01-2025,SKU1021,Beauty_Item_1,Beauty,South,337.0,1121.02,4835.3,69,5,0,377783.74
2026-07-12,SKU1017,Home_Item_2,Home & Kitchen,South,240.0,848.27,3936.6,42,19,0,203584.8
2026-01-18,SKU1018,Home_Item_3,Home & Kitchen,West,212.0,1200.41,225.0,31,17,0,254486.92
2024-11-17,SKU1025,Beauty_Item_5,Beauty,West,323.0,1722.11,1151.9,28,14,0,556241.53
2025-11-23,SKU1011,Apparel_Item_1,Apparel,South,208.0,1907.31,2148.5,41,15,0,396720.48
2025-08-24,SKU1014,Apparel_Item_4,Apparel,,156.0,1193.47,1474.9,22,11,0,186181.32
2026-02-15,SKU1004,Electronics_Item_4,Electronics,South,327.0,1914.79,197.8,67,15,0,626136.33
2025-03-30,SKU1009,Grocery_Item_4,Grocery,East,174.0,1408.73,3249.3,23,18,0,245119.02
2026-03-29,SKU1019,Home_Item_4,Home & Kitchen,West,216.0,368.31,256.6,48,15,0,79554.96
2026-02-01,SKU1010,Grocery_Item_5,Grocery,West,175.0,2077.7,478.9,57,7,0,363597.5
2026-02-01,SKU1011,Apparel_Item_1,Apparel,South,159.0,1907.31,169.5,41,15,0,303262.29
2025-02-16,SKU1022,Beauty_Item_2,BEAUTY,South,,1765.65,148.7,38,4,0,217174.95
2025-11-30,SKU1013,Apparel_Item_3,Apparel,South,375.0,1957.04,393.5,31,16,0,733890.0
2025-08-17,SKU1004,Electronics_Item_4,ELECTRONICS,North  ,332.0,1914.79,846.2,67,15,0,635710.28
2025-04-27,SKU1018,Home_Item_3,Home & Kitchen,West,134.0,1200.41,668.5,31,17,0,160854.94
2024-12-22,SKU1001,Electronics_Item_1,Electronics,South,103.0,1946.19,550.7,46,14,0,200457.57
2026-02-01,SKU1013,Apparel_Item_3,APPAREL,West,323.0,1957.04,634.3,31,16,0,632123.92
2026-01-11,SKU1024,Beauty_Item_4,BEAUTY,West,115.0,999.32,149.8,37,19,0,114921.8
2025-02-02,SKU1014,Apparel_Item_4,Apparel,South,184.0,,35.8,22,11,0,219598.48
2026-02-08,SKU1016,Home_Item_1,Home & Kitchen,North,84.0,1874.67,537.2,78,9,0,157472.28
2025-12-21,SKU1004,Electronics_Item_4,Electronics,South,336.0,1914.79,1263.7,67,15,0,643369.44
2026-06-21,SKU1006,Grocery_Item_1,Grocery,East,205.0,958.46,,75,6,0,196484.3
2026-05-03,SKU1014,Apparel_Item_4,Apparel,West,115.0,1193.47,813.2,22,11,0,137249.05
2025-07-20,SKU1021,Beauty_Item_1,Beauty,West,216.0,1121.02,1401.7,69,5,0,242140.32
2026-05-10,SKU1013,Apparel_Item_3,Apparel,North,274.0,1957.04,1090.9,31,16,0,536228.96
2025-08-31,SKU1012,Apparel_Item_2,APPAREL,,73.0,2428.21,345.1,73,11,0,177259.33
2024-09-22,SKU1022,Beauty_Item_2,Beauty,South,111.0,1765.65,2224.2,38,4,0,195987.15
2025-02-02,SKU1023,Beauty_Item_3,Beauty,West  ,171.0,2089.04,612.3,68,10,0,357225.84
2025-04-06,SKU1008,Grocery_Item_3,Grocery,South,102.0,1136.36,350.2,33,11,1,115908.72
2026-07-19,SKU1012,Apparel_Item_2,Apparel,West,64.0,2428.21,79.3,73,11,0,155405.44
2026-05-31,SKU1015,Apparel_Item_5,Apparel,West,24.0,428.01,286.5,60,16,0,10272.24
2024-09-01,SKU1001,Electronics_Item_1,Electronics,South,81.0,1946.19,118.2,46,14,0,157641.39
2026-01-25,SKU1015,Apparel_Item_5,APPAREL,East,46.0,428.01,196.5,60,16,0,19688.46
2026-06-21,SKU1019,Home_Item_4,Home & Kitchen,South,163.0,368.31,666.9,48,15,0,60034.53
2025-04-13,SKU1021,Beauty_Item_1,BEAUTY,East,,1121.02,1656.3,69,5,0,236535.22
2026-06-14,SKU1010,Grocery_Item_5,Grocery,South,164.0,2077.7,419.2,57,7,0,340742.8
2026-05-03,SKU1021,Beauty_Item_1,Beauty,North,240.0,1121.02,276.9,69,5,0,269044.8
2025-08-10,SKU1011,Apparel_Item_1,Apparel,South,155.0,1907.31,2322.2,41,15,0,295633.05
2025-05-18,SKU1014,Apparel_Item_4,APPAREL,West,118.0,1193.47,113.1,22,11,0,140829.46
2026-02-01,SKU1008,Grocery_Item_3,Grocery,West  ,89.0,1136.36,1510.8,33,11,0,101136.04
2025-07-13,SKU1015,Apparel_Item_5,Apparel,East,43.0,428.01,251.5,60,16,1,18404.43
2025-06-08,SKU1009,Grocery_Item_4,Grocery,North,205.0,1408.73,1501.3,23,18,0,288789.65
2025-07-20,SKU1023,Beauty_Item_3,Beauty,North,,2089.04,715.9,68,10,0,317534.08
2026-04-05,SKU1018,Home_Item_3,Home & Kitchen,West,150.0,1200.41,194.9,31,17,0,180061.5
2025-11-16,SKU1004,Electronics_Item_4,Electronics,West,330.0,1914.79,,67,15,0,631880.7
2025-01-12,SKU1011,Apparel_Item_1,Apparel,East,303.0,1907.31,374.9,41,15,1,577914.93
2026-08-02,SKU1014,Apparel_Item_4,APPAREL,East,134.0,1193.47,70.6,22,11,0,159924.98
2025-04-27,SKU1020,Home_Item_5,Home & Kitchen,North,56.0,605.93,186.4,60,13,1,33932.08
2026-02-08,SKU1003,Electronics_Item_3,Electronics,North,354.0,280.73,1323.0,78,12,0,99378.42
2024-10-13,SKU1007,Grocery_Item_2,Grocery,East,320.0,1627.47,1447.6,69,10,0,520790.4
2025-04-20,SKU1009,Grocery_Item_4,Grocery,East,163.0,1408.73,2721.3,23,18,0,229622.99
2026-05-24,SKU1025,Beauty_Item_5,Beauty,West  ,200.0,1722.11,,28,14,0,344422.0
2026-06-07,SKU1023,Beauty_Item_3,Beauty,North,125.0,2089.04,959.9,68,10,0,261130.0
2025-09-28,SKU1011,Apparel_Item_1,Apparel,West,173.0,1907.31,1085.2,41,15,0,329964.63
2025-10-05,SKU1024,Beauty_Item_4,Beauty,East,115.0,999.32,724.3,37,19,0,114921.8
2025-11-16,SKU1016,Home_Item_1,Home & Kitchen,South  ,101.0,1874.67,573.9,78,9,0,189341.67
2025-06-29,SKU1002,Electronics_Item_2,Electronics,South,169.0,2153.56,973.7,61,4,1,363951.64
2025-01-26,SKU1023,Beauty_Item_3,Beauty,South,255.0,2089.04,783.3,68,10,0,532705.2
2024-10-20,SKU1007,Grocery_Item_2,Grocery,North,272.0,1627.47,1175.6,69,10,0,442671.84
2025-05-25,SKU1004,Electronics_Item_4,Electronics,East  ,221.0,1914.79,459.6,67,15,0,423168.59
2025-06-29,SKU1024,Beauty_Item_4,BEAUTY,East,61.0,999.32,2298.3,37,19,0,60958.52
2026-01-18,SKU1013,Apparel_Item_3,Apparel,West,296.0,1957.04,1252.3,31,16,0,579283.84
2026-06-28,SKU1021,Beauty_Item_1,Beauty,East  ,215.0,1121.02,1550.5,69,5,0,241019.3
2025-07-13,SKU1006,Grocery_Item_1,Grocery,South,195.0,958.46,,75,6,0,186899.7
2025-12-07,SKU1005,Electronics_Item_5,Electronics,West,82.0,363.88,231.2,47,18,0,29838.16
2025-10-05,SKU1022,Beauty_Item_2,Beauty,East,112.0,1765.65,1772.2,38,4,0,197752.8
2024-11-24,SKU1021,Beauty_Item_1,Beauty,West,342.0,1121.02,904.4,69,5,0,383388.84
2025-06-29,SKU1017,Home_Item_2,Home & Kitchen,South  ,243.0,848.27,1321.3,42,19,0,206129.61
2025-02-09,SKU1002,Electronics_Item_2,Electronics,East,193.0,2153.56,4049.7,61,4,0,415637.08
2024-11-10,SKU1019,Home_Item_4,Home & Kitchen,East,223.0,368.31,473.1,48,15,0,82133.13
2025-02-09,SKU1006,Grocery_Item_1,Grocery,North,330.0,,674.0,75,6,0,316291.8
2026-02-01,SKU1015,Apparel_Item_5,Apparel,West,63.0,428.01,133.5,60,16,1,26964.63
2026-05-03,SKU1017,Home_Item_2,Home & Kitchen,West,223.0,848.27,333.6,42,19,0,189164.21
2024-09-29,SKU1017,Home_Item_2,Home & Kitchen,East,360.0,848.27,506.9,42,19,0,305377.2
2025-06-29,SKU1004,Electronics_Item_4,ELECTRONICS,North  ,225.0,1914.79,810.1,67,15,0,430827.75
2025-05-25,SKU1017,Home_Item_2,Home & Kitchen,North,208.0,848.27,401.7,42,19,0,176440.16
2026-01-18,SKU1024,Beauty_Item_4,Beauty,West,111.0,999.32,38.8,37,19,0,110924.52
2024-09-22,SKU1017,Home_Item_2,HOME & KITCHEN,North,,848.27,866.9,42,19,0,213764.04
2025-08-24,SKU1004,Electronics_Item_4,ELECTRONICS,East,291.0,1914.79,555.2,67,15,0,557203.89
2025-09-21,SKU1018,Home_Item_3,Home & Kitchen,East,159.0,1200.41,370.2,31,17,0,190865.19
2025-01-05,SKU1023,Beauty_Item_3,Beauty,South,220.0,2089.04,285.9,68,10,0,459588.8
2024-12-01,SKU1014,Apparel_Item_4,Apparel,North,226.0,1193.47,,22,11,0,269724.22
2026-03-15,SKU1014,Apparel_Item_4,Apparel,West,156.0,1193.47,,22,11,0,186181.32
2025-09-07,SKU1001,Electronics_Item_1,Electronics,East,82.0,1946.19,440.3,46,14,0,159587.58
06-04-2025,SKU1023,Beauty_Item_3,Beauty,North,160.0,2089.04,2665.9,68,10,0,334246.4
2024-12-29,SKU1008,Grocery_Item_3,Grocery,East,107.0,,440.0,33,11,0,121590.52
2026-07-05,SKU1012,Apparel_Item_2,Apparel,South,109.0,2428.21,211.3,73,11,1,264674.89
2026-06-14,SKU1025,Beauty_Item_5,BEAUTY,South,175.0,1722.11,2551.2,28,14,0,301369.25
2026-06-07,SKU1013,Apparel_Item_3,Apparel,North,2398.025299631145,1957.04,137.9,31,16,0,401193.2
2025-07-13,SKU1012,Apparel_Item_2,Apparel,West,77.0,2428.21,466.1,73,11,0,186972.17
2025-09-14,SKU1023,Beauty_Item_3,Beauty,South,160.0,2089.04,579.7,68,10,0,334246.4
2025-02-09,SKU1024,Beauty_Item_4,BEAUTY,West,93.0,999.32,482.6,37,19,0,92936.76
2025-04-06,SKU1025,Beauty_Item_5,Beauty,North,177.0,1722.11,,28,14,0,304813.47
2024-10-13,SKU1001,Electronics_Item_1,Electronics,West  ,108.0,1946.19,493.5,46,14,0,210188.52
2025-11-30,SKU1020,Home_Item_5,Home & Kitchen,North,35.0,605.93,286.4,60,13,0,21207.55
2025-04-20,SKU1013,Apparel_Item_3,Apparel,West,214.0,1957.04,1051.0,31,16,0,418806.56
2024-11-03,SKU1007,Grocery_Item_2,Grocery,West,365.0,1627.47,578.6,69,10,0,594026.55
2025-06-15,SKU1019,Home_Item_4,Home & Kitchen,West,158.0,368.31,581.7,48,15,0,58192.98
2026-08-09,SKU1023,Beauty_Item_3,Beauty,West,168.0,2089.04,758.9,68,10,0,350958.72
2026-05-10,SKU1023,Beauty_Item_3,Beauty,North,128.0,2089.04,428.8,68,10,0,267397.12
2026-06-14,SKU1022,Beauty_Item_2,Beauty,East,90.0,1765.65,1161.0,38,4,1,158908.5
04-01-2026,SKU1007,Grocery_Item_2,Grocery,North,266.0,1627.47,810.1,69,10,0,432907.02
2026-06-07,SKU1006,Grocery_Item_1,Grocery,South,160.0,958.46,1097.8,75,6,0,153353.6
2025-11-02,SKU1023,Beauty_Item_3,Beauty,East,189.0,2089.04,256.6,68,10,0,394828.56
2025-03-09,SKU1017,Home_Item_2,Home & Kitchen,West,333.0,848.27,1520.6,42,19,0,282473.91
2025-08-03,SKU1005,Electronics_Item_5,Electronics,West  ,54.0,,1211.9,47,18,0,19649.52
2025-08-17,SKU1018,Home_Item_3,HOME & KITCHEN,North,169.0,1200.41,326.6,31,17,0,202869.29
2026-06-21,SKU1023,Beauty_Item_3,Beauty,South,177.0,2089.04,661.9,68,10,1,369760.08
2025-01-19,SKU1023,Beauty_Item_3,Beauty,North,281.0,2089.04,1038.3,68,10,1,587020.24
2026-05-24,SKU1008,Grocery_Item_3,Grocery,East,42.0,1136.36,390.8,33,11,0,47727.12
2025-04-20,SKU1012,Apparel_Item_2,APPAREL,North,98.0,2428.21,1258.1,73,11,1,237964.58
2025-07-06,SKU1008,Grocery_Item_3,Grocery,South,65.0,1136.36,570.5,33,11,0,73863.4
2025-08-24,SKU1018,Home_Item_3,Home & Kitchen,South,177.0,1200.41,149.6,31,17,0,212472.57
2026-05-03,SKU1020,Home_Item_5,Home & Kitchen,West,31.0,605.93,313.2,60,13,0,18783.83
2026-08-09,SKU1014,Apparel_Item_4,Apparel,North,159.0,1193.47,,22,11,0,189761.73
2024-09-29,SKU1001,Electronics_Item_1,Electronics,North,161.0,1946.19,148.3,46,14,1,313336.59
2024-12-15,SKU1023,Beauty_Item_3,Beauty,East,182.0,2089.04,1067.9,68,10,0,380205.28
2025-09-07,SKU1019,Home_Item_4,Home & Kitchen,East,289.0,368.31,4382.0,48,15,1,106441.59
2026-06-21,SKU1021,Beauty_Item_1,Beauty,North,3279.695692738445,1121.02,1765.5,69,5,0,290344.18
2024-10-27,SKU1004,Electronics_Item_4,Electronics,East,363.0,1914.79,494.2,67,15,0,695068.77
2025-02-09,SKU1013,Apparel_Item_3,Apparel,East  ,297.0,1957.04,943.6,31,16,0,581240.88
2026-06-07,SKU1002,Electronics_Item_2,Electronics,West,116.0,,3362.3,61,4,0,249812.96
2026-01-18,SKU1015,Apparel_Item_5,Apparel,North,79.0,428.01,,60,16,1,33812.79
2026-08-02,SKU1024,Beauty_Item_4,Beauty,North,101.0,999.32,850.7,37,19,0,100931.32
2025-01-19,SKU1013,Apparel_Item_3,Apparel,South,252.0,1957.04,360.6,31,16,0,493174.08
2026-08-23,SKU1005,Electronics_Item_5,Electronics,East,,363.88,64.3,47,18,0,22196.68
2026-04-12,SKU1008,Grocery_Item_3,Grocery,South,58.0,1136.36,748.8,33,11,0,65908.88
2026-01-04,SKU1018,Home_Item_3,Home & Kitchen,East,292.0,1200.41,688.0,31,17,1,350519.72
2024-09-01,SKU1014,Apparel_Item_4,Apparel,West,172.0,1193.47,1124.1,22,11,0,205276.84
2025-06-08,SKU1021,Beauty_Item_1,Beauty,North,206.0,1121.02,1194.5,69,5,0,230930.12
2026-07-12,SKU1006,Grocery_Item_1,Grocery,East,277.0,958.46,1725.8,75,6,0,265493.42
2026-07-19,SKU1008,Grocery_Item_3,Grocery,North,64.0,1136.36,301.6,33,11,0,72727.04
2025-06-08,SKU1022,Beauty_Item_2,Beauty,West,75.0,1765.65,220.9,38,4,0,132423.75
23-11-2025,SKU1018,Home_Item_3,Home & Kitchen,South,244.0,1200.41,1993.0,31,17,0,292900.04
2025-11-16,SKU1014,Apparel_Item_4,APPAREL,North,246.0,1193.47,1030.3,22,11,0,293593.62
2026-02-08,SKU1014,Apparel_Item_4,Apparel,South,195.0,1193.47,603.6,22,11,0,232726.65
2026-07-05,SKU1013,Apparel_Item_3,Apparel,West  ,255.0,1957.04,773.2,31,16,0,499045.2
2025-07-13,SKU1003,Electronics_Item_3,Electronics,East,209.0,280.73,876.3,78,12,0,58672.57
2025-07-13,SKU1020,Home_Item_5,Home & Kitchen,South  ,37.0,605.93,,60,13,0,22419.41
2026-06-28,SKU1008,Grocery_Item_3,Grocery,East,68.0,1136.36,62.8,33,11,0,77272.48
15-12-2024,SKU1017,Home_Item_2,Home & Kitchen,West,407.0,848.27,1633.6,42,19,0,345245.89
2025-12-14,SKU1023,Beauty_Item_3,Beauty,East,253.0,2089.04,1140.7,68,10,0,528527.12
2026-07-19,SKU1010,Grocery_Item_5,Grocery,North,192.0,2077.7,3019.7,57,7,0,398918.4
2025-06-08,SKU1011,Apparel_Item_1,Apparel,North,126.0,1907.31,930.2,41,15,0,240321.06
2024-12-29,SKU1009,Grocery_Item_4,Grocery,East,229.0,1408.73,1033.8,23,18,0,322599.17
2025-11-16,SKU1008,Grocery_Item_3,Grocery,West,,1136.36,201.6,33,11,0,102272.4
2026-05-10,SKU1007,Grocery_Item_2,Grocery,West,242.0,1627.47,1107.0,69,10,0,393847.74
2025-02-23,SKU1006,Grocery_Item_1,Grocery,West,281.0,958.46,106.0,75,6,0,269327.26
2026-06-21,SKU1007,Grocery_Item_2,Grocery,East,240.0,1627.47,1137.0,69,10,0,390592.8
2026-04-26,SKU1022,Beauty_Item_2,Beauty,North,56.0,1765.65,276.1,38,4,0,98876.4
2026-01-04,SKU1011,Apparel_Item_1,Apparel,East,205.0,,929.5,41,15,0,390998.55
2025-11-16,SKU1020,Home_Item_5,HOME & KITCHEN,South,39.0,605.93,,60,13,0,23631.27
2025-04-06,SKU1010,Grocery_Item_5,Grocery,West  ,198.0,2077.7,1920.1,57,7,0,411384.6
2025-10-26,SKU1018,Home_Item_3,Home & Kitchen,North,217.0,1200.41,2914.0,31,17,0,260488.97
2024-12-08,SKU1012,Apparel_Item_2,Apparel,South,73.0,2428.21,358.4,73,11,0,177259.33
2026-05-03,SKU1012,Apparel_Item_2,Apparel,South,79.0,2428.21,503.4,73,11,0,191828.59
2024-09-22,SKU1024,Beauty_Item_4,Beauty,North  ,110.0,999.32,400.6,37,19,0,109925.2
2024-11-03,SKU1013,Apparel_Item_3,Apparel,South  ,308.0,1957.04,3573.6,31,16,0,602768.32
2026-07-12,SKU1015,Apparel_Item_5,APPAREL,South  ,32.0,428.01,,60,16,0,13696.32
2026-02-22,SKU1012,Apparel_Item_2,Apparel,North,,2428.21,1237.4,73,11,0,160261.86
2024-11-24,SKU1019,Home_Item_4,Home & Kitchen,North,196.0,,57.1,48,15,0,72188.76
2026-05-17,SKU1014,Apparel_Item_4,APPAREL,East,140.0,1193.47,492.2,22,11,0,167085.8
11-05-2025,SKU1012,Apparel_Item_2,Apparel,East,67.0,2428.21,1048.1,73,11,0,162690.07
2026-06-07,SKU1004,Electronics_Item_4,Electronics,North,307.0,1914.79,743.9,67,15,0,587840.53
2024-11-24,SKU1008,Grocery_Item_3,Grocery,East,104.0,1136.36,335.5,33,11,0,118181.44
2025-10-05,SKU1025,Beauty_Item_5,Beauty,South,304.0,1722.11,1028.2,28,14,0,523521.44
2025-05-25,SKU1015,Apparel_Item_5,Apparel,East,26.0,428.01,211.3,60,16,0,11128.26
2025-10-05,SKU1016,Home_Item_1,Home & Kitchen,East  ,91.0,1874.67,525.7,78,9,0,170594.97
2025-06-01,SKU1022,Beauty_Item_2,Beauty,South,56.0,1765.65,295.9,38,4,0,98876.4
2025-02-16,SKU1009,Grocery_Item_4,GROCERY,North,231.0,1408.73,4376.3,23,18,0,325416.63
2026-04-26,SKU1016,Home_Item_1,Home & Kitchen,South,57.0,1874.67,255.3,78,9,0,106856.19
16-08-2026,SKU1012,Apparel_Item_2,Apparel,North,74.0,2428.21,235.5,73,11,0,179687.54
2026-01-25,SKU1016,Home_Item_1,Home & Kitchen,North,94.0,1874.67,134.1,78,9,0,176218.98
2026-03-15,SKU1015,Apparel_Item_5,APPAREL,South,37.0,428.01,109.7,60,16,0,15836.37
2025-05-04,SKU1006,Grocery_Item_1,Grocery,East,138.0,958.46,463.9,75,6,0,132267.48
2024-11-03,SKU1001,Electronics_Item_1,Electronics,West,113.0,1946.19,153.5,46,14,0,219919.47
2026-08-02,SKU1025,Beauty_Item_5,Beauty,East,259.0,1722.11,981.2,28,14,0,446026.49
2025-05-25,SKU1019,Home_Item_4,Home & Kitchen,West,289.0,368.31,1110.7,48,15,1,106441.59
2026-07-26,SKU1020,Home_Item_5,Home & Kitchen,West,21.0,605.93,142.6,60,13,0,12724.53
2025-05-11,SKU1013,Apparel_Item_3,Apparel,West,181.0,1957.04,416.0,31,16,0,354224.24
2026-04-26,SKU1001,Electronics_Item_1,Electronics,West,571.5826808073333,1946.19,190.2,46,14,0,101201.88
2025-11-30,SKU1025,Beauty_Item_5,BEAUTY,West,481.0,1722.11,543.8,28,14,0,828334.91
2025-03-02,SKU1024,Beauty_Item_4,Beauty,East,164.0,999.32,130.6,37,19,1,163888.48
2026-08-02,SKU1005,Electronics_Item_5,Electronics,East,46.0,363.88,251.3,47,18,0,16738.48
2024-09-01,SKU1018,Home_Item_3,Home & Kitchen,East,163.0,1200.41,791.2,31,17,0,195666.83
2025-03-02,SKU1012,Apparel_Item_2,Apparel,East,78.0,2428.21,,73,11,0,189400.38
2025-03-30,SKU1002,Electronics_Item_2,Electronics,North,150.0,2153.56,2681.7,61,4,0,323034.0
2026-07-26,SKU1024,Beauty_Item_4,Beauty,South,86.0,999.32,951.7,37,19,0,85941.52
2025-03-09,SKU1010,Grocery_Item_5,Grocery,West,269.0,2077.7,2763.1,57,7,0,558901.3
2025-05-18,SKU1008,Grocery_Item_3,Grocery,West,57.0,1136.36,447.2,33,11,0,64772.52
02-02-2025,SKU1006,Grocery_Item_1,Grocery,North,309.0,958.46,1004.0,75,6,0,296164.14
2026-02-22,SKU1005,Electronics_Item_5,Electronics,East,63.0,363.88,70.5,47,18,0,22924.44
2026-01-25,SKU1007,Grocery_Item_2,Grocery,East,580.0,1627.47,3822.1,69,10,1,943932.6
2026-06-21,SKU1004,Electronics_Item_4,Electronics,West,227.0,1914.79,246.9,67,15,0,434657.33
2025-10-26,SKU1010,Grocery_Item_5,Grocery,West,185.0,2077.7,,57,7,0,384374.5
2024-09-22,SKU1006,Grocery_Item_1,Grocery,South,269.0,958.46,908.0,75,6,0,257825.74
2024-09-22,SKU1021,Beauty_Item_1,BEAUTY,West,351.0,1121.02,671.6,69,5,0,393478.02
2026-02-15,SKU1011,Apparel_Item_1,Apparel,East,181.0,1907.31,736.4,41,15,0,345223.11
2025-12-14,SKU1014,Apparel_Item_4,Apparel,North,211.0,1193.47,110.3,22,11,0,251822.17
10-11-2024,SKU1022,Beauty_Item_2,Beauty,North,136.0,1765.65,1317.2,38,4,0,240128.4
2025-02-16,SKU1013,Apparel_Item_3,APPAREL,East,288.0,1957.04,655.6,31,16,0,563627.52
2024-11-10,SKU1015,Apparel_Item_5,Apparel,North,56.0,428.01,157.6,60,16,0,23968.56
2025-08-31,SKU1009,Grocery_Item_4,Grocery,South,207.0,1408.73,679.1,23,18,0,291607.11
2025-10-05,SKU1008,Grocery_Item_3,Grocery,South,93.0,1136.36,428.9,33,11,0,105681.48
2026-05-10,SKU1015,Apparel_Item_5,Apparel,West,,428.01,109.8,60,16,0,10272.24
2026-02-15,SKU1015,Apparel_Item_5,Apparel,North,39.0,428.01,269.7,60,16,0,16692.39
2025-05-11,SKU1018,Home_Item_3,Home & Kitchen,East,129.0,1200.41,408.5,31,17,0,154852.89
21-06-2026,SKU1013,Apparel_Item_3,APPAREL,West,333.0,1957.04,1248.2,31,16,0,651694.32
2025-11-30,SKU1018,Home_Item_3,Home & Kitchen,South,186.0,1200.41,1807.0,31,17,0,223276.26
12-04-2026,SKU1006,Grocery_Item_1,Grocery,West,197.0,958.46,1071.0,75,6,0,188816.62
2026-03-01,SKU1011,Apparel_Item_1,Apparel,West,189.0,1907.31,,41,15,0,360481.59
2024-11-10,SKU1025,Beauty_Item_5,Beauty,West,279.0,,1474.9,28,14,0,480468.69
2025-11-09,SKU1022,Beauty_Item_2,Beauty,South,126.0,1765.65,1139.2,38,4,0,222471.9
2025-01-05,SKU1014,Apparel_Item_4,Apparel,North,192.0,1193.47,828.8,22,11,0,229146.24
2024-12-08,SKU1023,Beauty_Item_3,Beauty,South,228.0,2089.04,184.4,68,10,0,476301.12
2025-02-09,SKU1017,Home_Item_2,Home & Kitchen,East,304.0,,919.9,42,19,0,257874.08
2026-03-08,SKU1017,Home_Item_2,Home & Kitchen,East  ,342.0,848.27,841.3,42,19,0,290108.34
2025-04-13,SKU1025,Beauty_Item_5,Beauty,East,222.0,,2310.9,28,14,0,382308.42
2025-08-24,SKU1013,Apparel_Item_3,Apparel,North,275.0,1957.04,,31,16,0,538186.0
2026-08-09,SKU1018,Home_Item_3,Home & Kitchen,South,170.0,1200.41,602.4,31,17,0,204069.7
2025-12-07,SKU1013,Apparel_Item_3,Apparel,West,294.0,1957.04,99.5,31,16,0,575369.76
2025-10-12,SKU1014,Apparel_Item_4,Apparel,North,183.0,1193.47,91.9,22,11,0,218405.01
2026-08-23,SKU1011,Apparel_Item_1,Apparel,West,185.0,1907.31,,41,15,0,352852.35
2024-09-22,SKU1002,Electronics_Item_2,Electronics,West,198.0,2153.56,678.7,61,4,0,426404.88
2026-01-25,SKU1002,Electronics_Item_2,Electronics,West,2506.7669609384106,2153.56,924.1,61,4,0,480243.88
2025-04-13,SKU1004,Electronics_Item_4,Electronics,South,278.0,1914.79,92.9,67,15,0,532311.62
2025-09-21,SKU1025,Beauty_Item_5,BEAUTY,South,284.0,1722.11,1567.2,28,14,0,489079.24
11-01-2026,SKU1017,Home_Item_2,Home & Kitchen,West,304.0,,2211.7,42,19,0,257874.08
2026-06-07,SKU1021,Beauty_Item_1,Beauty,East,288.0,1121.02,396.6,69,5,0,322853.76
2026-07-12,SKU1005,Electronics_Item_5,Electronics,West,54.0,363.88,,47,18,0,19649.52
2026-07-26,SKU1023,Beauty_Item_3,BEAUTY,East,141.0,2089.04,1104.9,68,10,0,294554.64
11-05-2025,SKU1011,Apparel_Item_1,APPAREL,South,127.0,1907.31,551.5,41,15,0,242228.37
2025-09-28,SKU1021,Beauty_Item_1,Beauty,South,287.0,1121.02,129.7,69,5,0,321732.74
2024-10-27,SKU1007,Grocery_Item_2,Grocery,West,232.0,1627.47,943.6,69,10,0,377573.04
2025-10-26,SKU1019,Home_Item_4,Home & Kitchen,West,279.0,368.31,-2580.0,48,15,0,102758.49
2026-01-04,SKU1021,Beauty_Item_1,Beauty,South,405.0,1121.02,240.8,69,5,0,454013.1
2025-12-07,SKU1012,Apparel_Item_2,Apparel,South,90.0,2428.21,383.7,73,11,0,218538.9
2024-10-27,SKU1013,Apparel_Item_3,APPAREL,East,227.0,1957.04,3881.6,31,16,0,444248.08
2024-11-03,SKU1003,Electronics_Item_3,Electronics,West,325.0,280.73,578.5,78,12,0,91237.25
2025-03-09,SKU1019,Home_Item_4,Home & Kitchen,East,228.0,368.31,793.0,48,15,0,83974.68
2025-12-07,SKU1017,Home_Item_2,Home & Kitchen,West,392.0,848.27,4148.7,42,19,0,332521.84
2025-11-23,SKU1020,Home_Item_5,HOME & KITCHEN,East,38.0,605.93,77.6,60,13,0,23025.34
2025-02-16,SKU1010,Grocery_Item_5,Grocery,South,234.0,2077.7,3504.1,57,7,0,486181.8
2024-10-20,SKU1019,Home_Item_4,Home & Kitchen,West,240.0,368.31,1180.1,48,15,0,88394.4
2026-05-24,SKU1002,Electronics_Item_2,Electronics,North,153.0,2153.56,113.2,61,4,0,329494.68
2026-06-28,SKU1014,Apparel_Item_4,Apparel,West,134.0,,767.6,22,11,0,159924.98
2026-05-03,SKU1019,Home_Item_4,Home & Kitchen,East,180.0,368.31,889.9,48,15,0,66295.8
2026-03-22,SKU1003,Electronics_Item_3,Electronics,South,247.0,280.73,1440.3,78,12,0,69340.31
2026-05-24,SKU1013,Apparel_Item_3,Apparel,West,263.0,1957.04,615.9,31,16,0,514701.52
2025-01-19,SKU1001,Electronics_Item_1,Electronics,West,,1946.19,182.7,46,14,0,180995.67
2025-05-04,SKU1022,Beauty_Item_2,Beauty,West,68.0,1765.65,540.9,38,4,0,120064.2
2025-06-15,SKU1003,Electronics_Item_3,Electronics,North,359.0,280.73,102.8,78,12,1,100782.07
2026-02-22,SKU1003,Electronics_Item_3,Electronics,East  ,320.0,280.73,709.0,78,12,0,89833.6
2025-11-30,SKU1017,Home_Item_2,Home & Kitchen,South,347.0,848.27,4540.7,42,19,0,294349.69
2026-04-26,SKU1021,Beauty_Item_1,Beauty,South,234.0,1121.02,516.9,69,5,0,262318.68
2025-08-10,SKU1015,Apparel_Item_5,Apparel,South,28.0,428.01,132.5,60,16,0,11984.28
2024-09-29,SKU1007,Grocery_Item_2,Grocery,North,415.0,1627.47,144.9,69,10,1,675400.05
2024-11-24,SKU1004,Electronics_Item_4,Electronics,South,387.0,1914.79,5505.7,67,15,0,741023.73
2025-07-06,SKU1012,Apparel_Item_2,Apparel,East,50.0,2428.21,543.1,73,11,0,121410.5
2024-12-01,SKU1012,Apparel_Item_2,Apparel,East,65.0,2428.21,431.4,73,11,0,157833.65
2025-06-22,SKU1003,Electronics_Item_3,Electronics,South,214.0,280.73,1591.3,78,12,0,60076.22
2025-03-30,SKU1016,Home_Item_1,HOME & KITCHEN,East,63.0,1874.67,404.2,78,9,0,118104.21
01-03-2026,SKU1003,Electronics_Item_3,ELECTRONICS,North,306.0,280.73,403.0,78,12,0,85903.38
2025-08-24,SKU1015,Apparel_Item_5,Apparel,South  ,40.0,428.01,277.8,60,16,0,17120.4
2026-03-08,SKU1019,Home_Item_4,Home & Kitchen,North,164.0,368.31,857.6,48,15,0,60402.84
2026-07-05,SKU1001,Electronics_Item_1,Electronics,East,51.0,1946.19,159.0,46,14,0,99255.69
2026-07-19,SKU1022,Beauty_Item_2,Beauty,East,71.0,1765.65,800.0,38,4,0,125361.15
2025-10-26,SKU1017,Home_Item_2,Home & Kitchen,West,400.0,848.27,1659.6,42,19,0,339308.0
2026-05-17,SKU1003,Electronics_Item_3,Electronics,West,235.0,280.73,938.2,78,12,0,65971.55
2024-11-10,SKU1013,Apparel_Item_3,Apparel,North,226.0,1957.04,3347.6,31,16,0,442291.04
2024-10-27,SKU1001,Electronics_Item_1,Electronics,East,114.0,1946.19,266.5,46,14,0,221865.66
2025-06-08,SKU1005,Electronics_Item_5,ELECTRONICS,North,44.0,363.88,139.4,47,18,0,16010.72
2026-02-01,SKU1004,Electronics_Item_4,Electronics,West,327.0,,890.8,67,15,0,626136.33
2026-05-31,SKU1001,Electronics_Item_1,Electronics,East,52.0,1946.19,420.0,46,14,0,101201.88
2025-06-01,SKU1001,Electronics_Item_1,Electronics,South,47.0,1946.19,388.5,46,14,0,91470.93
2026-07-05,SKU1015,Apparel_Item_5,Apparel,East,29.0,428.01,148.5,60,16,0,12412.29
2024-10-06,SKU1012,Apparel_Item_2,Apparel,South,77.0,2428.21,228.4,73,11,0,186972.17
2024-12-15,SKU1015,Apparel_Item_5,Apparel,South,47.0,428.01,743.8,60,16,0,20116.47
2025-07-13,SKU1021,Beauty_Item_1,Beauty,West,209.0,1121.02,100.5,69,5,0,234293.18
2025-03-30,SKU1004,Electronics_Item_4,Electronics,East,300.0,1914.79,653.9,67,15,0,574437.0
2025-06-08,SKU1010,Grocery_Item_5,Grocery,South,160.0,2077.7,1176.4,57,7,0,332432.0
2024-12-15,SKU1009,Grocery_Item_4,Grocery,North,265.0,1408.73,131.7,23,18,0,373313.45
2025-01-12,SKU1008,Grocery_Item_3,Grocery,East,117.0,1136.36,213.0,33,11,0,132954.12
2026-01-25,SKU1011,Apparel_Item_1,Apparel,North  ,188.0,1907.31,328.5,41,15,0,358574.28
2024-12-22,SKU1024,Beauty_Item_4,Beauty,South,118.0,999.32,90.6,37,19,0,117919.76
2026-03-08,SKU1006,Grocery_Item_1,Grocery,East,256.0,958.46,853.7,75,6,0,245365.76
2025-06-15,SKU1011,Apparel_Item_1,Apparel,South,122.0,1907.31,808.2,41,15,0,232691.82
2025-07-27,SKU1023,Beauty_Item_3,Beauty,South,140.0,2089.04,575.9,68,10,0,292465.6
2025-02-23,SKU1009,Grocery_Item_4,GROCERY,South,216.0,1408.73,4160.3,23,18,0,304285.68
2024-11-17,SKU1010,Grocery_Item_5,Grocery,North,237.0,2077.7,1322.4,57,7,0,492414.9
2025-03-09,SKU1009,Grocery_Item_4,Grocery,North,162.0,1408.73,3813.3,23,18,0,228214.26
2024-11-17,SKU1021,Beauty_Item_1,Beauty,South,377.0,1121.02,1246.4,69,5,0,422624.54
2026-05-10,SKU1010,Grocery_Item_5,Grocery,North,339.0,2077.7,1253.2,57,7,1,704340.3
2025-08-03,SKU1010,Grocery_Item_5,Grocery,South,186.0,2077.7,1077.5,57,7,0,386452.2
2026-01-11,SKU1015,Apparel_Item_5,Apparel,South,36.0,428.01,137.7,60,16,0,15408.36
2025-05-11,SKU1008,Grocery_Item_3,Grocery,East,54.0,1136.36,54.2,33,11,0,61363.44
2026-08-02,SKU1015,Apparel_Item_5,APPAREL,South,37.0,428.01,218.5,60,16,0,15836.37
2025-09-14,SKU1011,Apparel_Item_1,Apparel,West,231.0,1907.31,1450.2,41,15,1,440588.61
2026-03-08,SKU1001,Electronics_Item_1,ELECTRONICS,North,112.0,1946.19,161.6,46,14,1,217973.28
2026-05-24,SKU1012,Apparel_Item_2,Apparel,East,79.0,2428.21,295.4,73,11,0,191828.59
2025-03-23,SKU1002,Electronics_Item_2,Electronics,East,166.0,2153.56,,61,4,0,357490.96
2025-03-16,SKU1015,Apparel_Item_5,Apparel,East,31.0,428.01,109.8,60,16,0,13268.31
2026-04-26,SKU1022,Beauty_Item_2,BEAUTY,North,56.0,1765.65,276.1,38,4,0,98876.4
2025-07-27,SKU1021,Beauty_Item_1,Beauty,North,294.0,1121.02,,69,5,0,329579.88
2025-04-27,SKU1015,Apparel_Item_5,Apparel,South,35.0,428.01,98.7,60,16,1,14980.35
2024-10-13,SKU1022,Beauty_Item_2,Beauty,East,98.0,1765.65,1926.2,38,4,0,173033.7
2024-11-03,SKU1005,Electronics_Item_5,Electronics,West,87.0,363.88,155.1,47,18,0,31657.56
2025-02-23,SKU1011,Apparel_Item_1,Apparel,East  ,173.0,1907.31,294.0,41,15,0,329964.63
2025-11-02,SKU1022,Beauty_Item_2,Beauty,South,140.0,1765.65,1265.2,38,4,0,247191.0
2025-03-09,SKU1021,Beauty_Item_1,Beauty,West  ,261.0,,2956.3,69,5,0,292586.22
2026-04-19,SKU1003,Electronics_Item_3,Electronics,West,252.0,280.73,,78,12,0,70743.96
2025-01-26,SKU1008,Grocery_Item_3,GROCERY,North,85.0,1136.36,33.0,33,11,0,96590.6
2025-11-16,SKU1024,Beauty_Item_4,Beauty,West,116.0,,576.6,37,19,0,115921.12
2025-04-27,SKU1002,Electronics_Item_2,Electronics,West,137.0,2153.56,2118.7,61,4,0,295037.72
2025-10-05,SKU1009,Grocery_Item_4,Grocery,South,263.0,1408.73,723.1,23,18,0,370495.99
2025-08-17,SKU1025,Beauty_Item_5,Beauty,West,300.0,1722.11,2888.2,28,14,1,516633.0
2025-12-28,SKU1020,Home_Item_5,Home & Kitchen,West,38.0,605.93,124.4,60,13,0,23025.34
01-12-2024,SKU1007,Grocery_Item_2,Grocery,West,343.0,1627.47,1041.6,69,10,0,558222.21
2025-05-25,SKU1007,Grocery_Item_2,Grocery,North,233.0,1627.47,407.2,69,10,0,379200.51
2024-11-03,SKU1006,Grocery_Item_1,Grocery,South,381.0,958.46,444.2,75,6,0,365173.26
2026-07-05,SKU1014,Apparel_Item_4,APPAREL,,130.0,1193.47,637.6,22,11,0,155151.1
2026-06-14,SKU1021,Beauty_Item_1,Beauty,West,191.0,1121.02,205.6,69,5,0,214114.82
2025-11-30,SKU1003,Electronics_Item_3,Electronics,East,336.0,,1333.4,78,12,0,94325.28
2026-01-25,SKU1019,Home_Item_4,Home & Kitchen,North,115.0,368.31,646.1,48,15,0,42355.65
2025-11-09,SKU1009,Grocery_Item_4,Grocery,North,253.0,1408.73,610.3,23,18,0,356408.69
2025-10-26,SKU1011,Apparel_Item_1,Apparel,North,185.0,1907.31,364.2,41,15,0,352852.35
2025-11-02,SKU1005,Electronics_Item_5,Electronics,West,74.0,363.88,313.9,47,18,0,26927.12
2026-03-01,SKU1025,Beauty_Item_5,Beauty,South,305.0,1722.11,5558.2,28,14,0,525243.55
2025-11-16,SKU1016,Home_Item_1,Home & Kitchen,South,101.0,1874.67,573.9,78,9,0,189341.67
2024-11-10,SKU1008,Grocery_Item_3,Grocery,West,125.0,1136.36,604.5,33,11,0,142045.0
2025-08-03,SKU1016,Home_Item_1,Home & Kitchen,South,85.0,1874.67,145.6,78,9,0,159346.95
26-01-2025,SKU1022,Beauty_Item_2,BEAUTY,East,124.0,1765.65,531.7,38,4,0,218940.6
2025-06-15,SKU1015,Apparel_Item_5,Apparel,North,28.0,428.01,123.3,60,16,0,11984.28
2026-02-15,SKU1002,Electronics_Item_2,Electronics,North,220.0,2153.56,307.1,61,4,0,473783.2
2025-10-05,SKU1011,Apparel_Item_1,APPAREL,East,155.0,1907.31,930.2,41,15,0,295633.05
2025-12-28,SKU1002,Electronics_Item_2,Electronics,East,259.0,2153.56,736.2,61,4,0,557772.04
2025-09-21,SKU1014,Apparel_Item_4,Apparel,North,199.0,1193.47,677.9,22,11,0,237500.53
2025-03-16,SKU1002,Electronics_Item_2,Electronics,North,200.0,2153.56,2997.7,61,4,0,430712.0
2024-10-06,SKU1025,Beauty_Item_5,Beauty,North,320.0,1722.11,1549.3,28,14,0,551075.2
27-10-2024,SKU1012,Apparel_Item_2,Apparel,West,144.0,2428.21,470.2,73,11,1,349662.24
2025-09-07,SKU1016,Home_Item_1,Home & Kitchen,South,74.0,1874.67,352.3,78,9,0,138725.58
2026-05-31,SKU1017,Home_Item_2,HOME & KITCHEN,North,174.0,848.27,5442.6,42,19,0,147598.98
2024-09-29,SKU1009,Grocery_Item_4,Grocery,South,234.0,1408.73,181.5,23,18,0,329642.82
2024-09-01,SKU1010,Grocery_Item_5,Grocery,East,245.0,2077.7,1487.4,57,7,0,509036.5
2025-11-16,SKU1010,Grocery_Item_5,Grocery,East,213.0,2077.7,284.6,57,7,0,442550.1
2024-09-01,SKU1005,Electronics_Item_5,Electronics,East,65.0,,109.7,47,18,0,23652.2
2024-11-03,SKU1020,Home_Item_5,HOME & KITCHEN,South,44.0,605.93,452.3,60,13,0,26660.92
2025-03-16,SKU1014,Apparel_Item_4,Apparel,South  ,131.0,1193.47,87.4,22,11,0,156344.57
24-08-2025,SKU1006,Grocery_Item_1,Grocery,South,397.0,958.46,333.3,75,6,1,380508.62
2026-07-12,SKU1003,Electronics_Item_3,Electronics,West,334.0,280.73,535.8,78,12,0,93763.82
2024-11-03,SKU1024,Beauty_Item_4,BEAUTY,South,113.0,999.32,335.5,37,19,0,112923.16
2026-01-04,SKU1010,Grocery_Item_5,Grocery,West,246.0,2077.7,1256.9,57,7,0,511114.2
2026-01-18,SKU1003,Electronics_Item_3,ELECTRONICS,West,351.0,280.73,426.0,78,12,0,98536.23
2024-11-24,SKU1023,Beauty_Item_3,Beauty,North,221.0,2089.04,736.4,68,10,0,461677.84
2025-12-14,SKU1015,Apparel_Item_5,Apparel,East,41.0,428.01,370.7,60,16,0,17548.41
2024-09-15,SKU1015,Apparel_Item_5,Apparel,West,40.0,428.01,90.3,60,16,0,17120.4
2025-04-13,SKU1002,Electronics_Item_2,Electronics,West,122.0,2153.56,2397.7,61,4,0,262734.32
2025-07-06,SKU1023,Beauty_Item_3,Beauty,North,120.0,2089.04,1012.9,68,10,0,250684.8
2025-07-06,SKU1002,Electronics_Item_2,Electronics,South,151.0,2153.56,822.7,61,4,0,325187.56
2026-04-12,SKU1012,Apparel_Item_2,Apparel,West,73.0,2428.21,707.4,73,11,0,177259.33
2026-08-23,SKU1008,Grocery_Item_3,GROCERY,West,70.0,1136.36,342.3,33,11,0,79545.2
2026-07-26,SKU1017,Home_Item_2,Home & Kitchen,North  ,278.0,848.27,3421.6,42,19,0,235819.06
2025-08-17,SKU1002,Electronics_Item_2,Electronics,East,184.0,2153.56,1033.6,61,4,0,396255.04
2025-01-05,SKU1004,Electronics_Item_4,Electronics,East,420.0,1914.79,2954.7,67,15,0,804211.8
2025-10-05,SKU1004,Electronics_Item_4,Electronics,West,464.0,1914.79,75.5,67,15,0,888462.56
2025-12-14,SKU1006,Grocery_Item_1,Grocery,East,,958.46,463.3,75,6,0,334502.54
2025-11-02,SKU1025,Beauty_Item_5,Beauty,West,,1722.11,702.7,28,14,1,771505.28
2026-03-15,SKU1011,Apparel_Item_1,Apparel,,180.0,1907.31,867.5,41,15,0,343315.8
2024-09-15,SKU1011,Apparel_Item_1,Apparel,,,1907.31,,41,15,0,268930.71
2026-04-12,SKU1011,Apparel_Item_1,Apparel,North,144.0,1907.31,177.5,41,15,0,274652.64
2025-07-20,SKU1009,Grocery_Item_4,Grocery,South,199.0,1408.73,472.3,23,18,0,280337.27
2025-06-15,SKU1018,Home_Item_3,Home & Kitchen,West,135.0,1200.41,803.0,31,17,0,162055.35
2026-04-26,SKU1019,Home_Item_4,HOME & KITCHEN,West  ,185.0,368.31,1069.9,48,15,0,68137.35
2025-11-02,SKU1018,Home_Item_3,Home & Kitchen,North,186.0,1200.41,2728.0,31,17,0,223276.26
20-07-2025,SKU1018,Home_Item_3,Home & Kitchen,West,145.0,1200.41,44.0,31,17,0,174059.45
2025-03-16,SKU1013,Apparel_Item_3,Apparel,West,250.0,1957.04,1026.6,31,16,0,489260.0
2024-12-22,SKU1018,Home_Item_3,Home & Kitchen,West,185.0,1200.41,846.6,31,17,0,222075.85
2026-02-08,SKU1018,Home_Item_3,HOME & KITCHEN,North,,1200.41,411.6,31,17,0,231679.13
2024-09-22,SKU1023,Beauty_Item_3,Beauty,West,181.0,2089.04,492.4,68,10,0,378116.24
2024-10-20,SKU1017,Home_Item_2,Home & Kitchen,North,,848.27,5173.6,42,19,1,462307.15
2025-12-28,SKU1001,Electronics_Item_1,ELECTRONICS,West,83.0,1946.19,69.7,46,14,0,161533.77
06-10-2024,SKU1016,Home_Item_1,Home & Kitchen,West,87.0,1874.67,221.0,78,9,0,163096.29
2026-04-12,SKU1019,Home_Item_4,HOME & KITCHEN,West,193.0,368.31,1438.9,48,15,0,71083.83
2024-11-03,SKU1002,Electronics_Item_2,Electronics,South,250.0,2153.56,702.9,61,4,0,538390.0
2025-07-20,SKU1003,Electronics_Item_3,Electronics,,271.0,280.73,605.3,78,12,1,76077.83
2025-06-22,SKU1019,Home_Item_4,Home & Kitchen,East,152.0,368.31,429.7,48,15,0,55983.12
2025-06-22,SKU1017,Home_Item_2,Home & Kitchen,South,208.0,848.27,1564.3,42,19,0,176440.16
2024-12-08,SKU1004,Electronics_Item_4,Electronics,East,467.0,1914.79,4592.7,67,15,0,894206.93
2025-02-02,SKU1012,Apparel_Item_2,APPAREL,,67.0,2428.21,194.5,73,11,0,162690.07
2024-10-06,SKU1021,Beauty_Item_1,Beauty,North,337.0,1121.02,1798.4,69,5,0,377783.74
2024-11-24,SKU1022,Beauty_Item_2,BEAUTY,,119.0,1765.65,1065.2,38,4,0,210112.35
2025-03-02,SKU1016,Home_Item_1,Home & Kitchen,West,94.0,1874.67,682.2,78,9,0,176218.98
2025-02-09,SKU1007,Grocery_Item_2,Grocery,North,214.0,1627.47,912.9,69,10,0,348278.58
2026-05-31,SKU1013,Apparel_Item_3,Apparel,West,273.0,1957.04,342.9,31,16,0,534271.92
2025-11-09,SKU1021,Beauty_Item_1,Beauty,West,338.0,1121.02,1428.9,69,5,0,378904.76
2025-03-09,SKU1025,Beauty_Item_5,Beauty,South  ,234.0,1722.11,3475.9,28,14,0,402973.74
2025-08-10,SKU1010,Grocery_Item_5,Grocery,West,293.0,2077.7,784.5,57,7,1,608766.1
2026-03-01,SKU1012,Apparel_Item_2,Apparel,East  ,83.0,2428.21,1154.4,73,11,0,201541.43
2026-05-31,SKU1019,Home_Item_4,Home & Kitchen,East,198.0,368.31,1203.9,48,15,0,72925.38
2026-07-26,SKU1005,Electronics_Item_5,ELECTRONICS,West  ,68.0,363.88,297.3,47,18,0,24743.84
2026-05-17,SKU1021,Beauty_Item_1,Beauty,North,303.0,1121.02,1168.6,69,5,0,339669.06
2026-01-18,SKU1006,Grocery_Item_1,Grocery,South,358.0,958.46,1604.6,75,6,0,343128.68
2025-01-05,SKU1008,Grocery_Item_3,Grocery,West,110.0,1136.36,330.0,33,11,0,124999.6
2026-03-08,SKU1015,Apparel_Item_5,Apparel,East,36.0,428.01,146.7,60,16,0,15408.36
2025-01-26,SKU1013,Apparel_Item_3,Apparel,East,,1957.04,76.6,31,16,0,555799.36
2026-05-24,SKU1011,Apparel_Item_1,Apparel,North,154.0,1907.31,149.7,41,15,0,293725.74
2025-10-26,SKU1005,Electronics_Item_5,ELECTRONICS,East,93.0,363.88,387.9,47,18,0,33840.84
2025-10-12,SKU1021,Beauty_Item_1,Beauty,East,356.0,1121.02,1079.3,69,5,0,399083.12
2025-05-11,SKU1007,Grocery_Item_2,Grocery,North,227.0,1627.47,854.2,69,10,0,369435.69
2024-12-08,SKU1005,Electronics_Item_5,Electronics,West,76.0,363.88,1070.9,47,18,0,27654.88
2025-12-21,SKU1017,Home_Item_2,Home & Kitchen,East,393.0,848.27,3295.7,42,19,0,333370.11
2024-11-24,SKU1003,Electronics_Item_3,Electronics,South,299.0,280.73,1092.0,78,12,0,83938.27
2024-12-29,SKU1016,Home_Item_1,Home & Kitchen,East,96.0,1874.67,1551.2,78,9,0,179968.32
2025-06-29,SKU1016,Home_Item_1,Home & Kitchen,East,61.0,1874.67,475.6,78,9,0,114354.87
2026-02-22,SKU1022,Beauty_Item_2,Beauty,North  ,118.0,1765.65,380.7,38,4,0,208346.7
2026-08-23,SKU1013,Apparel_Item_3,Apparel,West,,1957.04,3951.0,31,16,0,688878.08
2025-09-28,SKU1024,Beauty_Item_4,Beauty,South,177.0,999.32,839.3,37,19,1,176879.64
2024-10-13,SKU1009,Grocery_Item_4,Grocery,East,227.0,1408.73,1042.4,23,18,0,319781.71
2025-12-21,SKU1018,Home_Item_3,Home & Kitchen,North,160.0,1200.41,,31,17,0,192065.6
2026-06-14,SKU1008,Grocery_Item_3,Grocery,North,,1136.36,202.8,33,11,0,82954.28
2025-12-07,SKU1011,Apparel_Item_1,APPAREL,South,210.0,1907.31,1737.5,41,15,0,400535.1
2025-03-30,SKU1015,Apparel_Item_5,Apparel,East,,428.01,233.7,60,16,0,13696.32
2025-05-25,SKU1024,Beauty_Item_4,Beauty,,756.9859864678185,999.32,264.6,37,19,0,82943.56
2025-11-02,SKU1007,Grocery_Item_2,Grocery,East,497.0,1627.47,519.8,69,10,1,808852.59
23-03-2025,SKU1024,Beauty_Item_4,BEAUTY,North,84.0,999.32,488.5,37,19,0,83942.88
2024-09-08,SKU1008,Grocery_Item_3,Grocery,South,96.0,1136.36,1466.5,33,11,0,109090.56
2025-04-20,SKU1001,Electronics_Item_1,Electronics,East,61.0,1946.19,719.5,46,14,0,118717.59
2024-11-17,SKU1011,Apparel_Item_1,Apparel,,150.0,1907.31,815.8,41,15,0,286096.5
2025-08-17,SKU1001,Electronics_Item_1,Electronics,East,84.0,1946.19,261.3,46,14,0,163479.96
2025-03-02,SKU1004,Electronics_Item_4,Electronics,West,234.0,1914.79,1846.9,67,15,0,448060.86
2026-04-26,SKU1017,Home_Item_2,Home & Kitchen,North,221.0,848.27,556.6,42,19,0,187467.67
2024-11-17,SKU1015,Apparel_Item_5,Apparel,South,42.0,428.01,115.6,60,16,0,17976.42
2025-11-09,SKU1006,Grocery_Item_1,Grocery,North,610.0,958.46,772.2,75,6,1,584660.6
2025-10-05,SKU1006,Grocery_Item_1,Grocery,East,343.0,958.46,1278.2,75,6,0,328751.78
2026-08-16,SKU1010,Grocery_Item_5,Grocery,North,187.0,2077.7,2290.7,57,7,0,388529.9
2026-03-08,SKU1002,Electronics_Item_2,Electronics,North  ,224.0,2153.56,784.9,61,4,1,482397.44
2026-08-02,SKU1007,Grocery_Item_2,Grocery,South  ,230.0,1627.47,1128.0,69,10,0,374318.1
2024-11-17,SKU1001,Electronics_Item_1,Electronics,North,116.0,1946.19,504.0,46,14,0,225758.04
2026-08-02,SKU1001,Electronics_Item_1,Electronics,West,53.0,1946.19,470.6,46,14,0,103148.07
2025-01-05,SKU1006,Grocery_Item_1,Grocery,East,369.0,958.46,2345.0,75,6,0,353671.74
2026-03-15,SKU1018,Home_Item_3,Home & Kitchen,,,1200.41,613.9,31,17,1,256887.74
2025-02-02,SKU1004,Electronics_Item_4,Electronics,West  ,,1914.79,1213.7,67,15,0,597414.48
2024-12-01,SKU1015,Apparel_Item_5,APPAREL,North,,428.01,825.8,60,16,0,20544.48
2026-07-19,SKU1025,Beauty_Item_5,Beauty,South,184.0,1722.11,1609.2,28,14,0,316868.24
2024-12-22,SKU1015,Apparel_Item_5,Apparel,West,,428.01,698.8,60,16,0,19260.45
2025-11-30,SKU1015,Apparel_Item_5,Apparel,East,53.0,428.01,453.7,60,16,0,22684.53
19-04-2026,SKU1024,Beauty_Item_4,Beauty,East,86.0,999.32,635.8,37,19,0,85941.52
2026-02-15,SKU1006,Grocery_Item_1,Grocery,East,299.0,958.46,273.6,75,6,0,286579.54
2024-10-06,SKU1004,Electronics_Item_4,Electronics,East,526.0,1914.79,1561.2,67,15,1,1007179.54
2025-03-16,SKU1012,Apparel_Item_2,Apparel,North,68.0,2428.21,,73,11,0,165118.28
2025-02-09,SKU1010,Grocery_Item_5,Grocery,North,241.0,2077.7,3738.1,57,7,0,500725.7
2025-07-06,SKU1018,Home_Item_3,Home & Kitchen,South,152.0,1200.41,346.0,31,17,0,182462.32
2025-06-01,SKU1011,Apparel_Item_1,Apparel,North,145.0,1907.31,101.5,41,15,0,276559.95
2026-07-05,SKU1002,Electronics_Item_2,Electronics,North,215.0,2153.56,2774.3,61,4,1,463015.4
2026-02-15,SKU1001,Electronics_Item_1,Electronics,West,82.0,1946.19,466.6,46,14,0,159587.58
2024-09-29,SKU1006,Grocery_Item_1,Grocery,West,255.0,958.46,653.0,75,6,0,244407.3
2026-05-03,SKU1013,Apparel_Item_3,Apparel,South,235.0,,1364.9,31,16,0,459904.4
2025-11-23,SKU1025,Beauty_Item_5,Beauty,East,295.0,1722.11,1024.8,28,14,0,508022.45
2025-11-16,SKU1015,Apparel_Item_5,Apparel,West,56.0,428.01,551.7,60,16,0,23968.56
2025-06-15,SKU1005,Electronics_Item_5,Electronics,West,,363.88,60.4,47,18,1,28746.52
2026-08-09,SKU1012,Apparel_Item_2,Apparel,West,85.0,2428.21,309.5,73,11,0,206397.85
2025-05-25,SKU1006,Grocery_Item_1,Grocery,West,196.0,958.46,1567.9,75,6,0,187858.16
2025-01-26,SKU1020,Home_Item_5,HOME & KITCHEN,East,44.0,605.93,124.6,60,13,0,26660.92
2024-11-10,SKU1001,Electronics_Item_1,Electronics,South,104.0,1946.19,49.5,46,14,0,202403.76
2025-11-09,SKU1014,Apparel_Item_4,Apparel,East,194.0,1193.47,244.2,22,11,0,231533.18
2026-02-01,SKU1006,Grocery_Item_1,Grocery,South,321.0,958.46,877.6,75,6,0,307665.66
2025-06-01,SKU1023,Beauty_Item_3,Beauty,West,97.0,2089.04,1637.9,68,10,0,202636.88
26-04-2026,SKU1007,Grocery_Item_2,Grocery,North,225.0,1627.47,234.1,69,10,0,366180.75
2026-08-16,SKU1007,Grocery_Item_2,Grocery,South,285.0,1627.47,400.0,69,10,0,463828.95
2025-07-13,SKU1001,Electronics_Item_1,Electronics,West,68.0,1946.19,60.5,46,14,0,132340.92
2025-07-06,SKU1007,Grocery_Item_2,Grocery,West,229.0,1627.47,431.8,69,10,0,372690.63
2025-09-14,SKU1016,Home_Item_1,Home & Kitchen,South,75.0,1874.67,277.3,78,9,0,140600.25
2024-11-10,SKU1012,Apparel_Item_2,Apparel,South,107.0,2428.21,231.2,73,11,1,259818.47
2024-10-27,SKU1002,Electronics_Item_2,ELECTRONICS,East,223.0,2153.56,952.9,61,4,0,480243.88
2026-01-04,SKU1020,Home_Item_5,Home & Kitchen,West,51.0,605.93,73.4,60,13,0,30902.43
2025-09-14,SKU1004,Electronics_Item_4,Electronics,North,378.0,1914.79,1380.5,67,15,0,723790.62
2026-07-12,SKU1023,Beauty_Item_3,Beauty,West,114.0,2089.04,318.9,68,10,0,238150.56
2024-11-24,SKU1018,Home_Item_3,Home & Kitchen,West  ,234.0,1200.41,687.7,31,17,0,280895.94
2026-05-03,SKU1009,Grocery_Item_4,Grocery,East,262.0,1408.73,331.7,23,18,1,369087.26
2025-06-22,SKU1009,Grocery_Item_4,Grocery,East,172.0,1408.73,1138.3,23,18,0,242301.56
2025-01-19,SKU1024,Beauty_Item_4,Beauty,North,135.0,999.32,130.2,37,19,0,134908.2
2026-05-10,SKU1005,Electronics_Item_5,ELECTRONICS,West,49.0,363.88,154.4,47,18,0,17830.12
2026-03-08,SKU1005,Electronics_Item_5,Electronics,West,617.126702849916,363.88,292.1,47,18,0,18921.76
28-12-2025,SKU1005,Electronics_Item_5,Electronics,East,54.0,363.88,363.0,47,18,0,19649.52
2026-03-15,SKU1022,Beauty_Item_2,Beauty,North,101.0,1765.65,109.7,38,4,0,178330.65
2025-10-19,SKU1022,Beauty_Item_2,Beauty,East,113.0,1765.65,1517.2,38,4,0,199518.45
2026-04-26,SKU1008,Grocery_Item_3,Grocery,West,58.0,1136.36,624.8,33,11,0,65908.88
2024-09-29,SKU1011,Apparel_Item_1,Apparel,North,154.0,1907.31,265.4,41,15,0,293725.74
2025-08-03,SKU1003,Electronics_Item_3,Electronics,South,265.0,280.73,,78,12,0,74393.45
2025-04-06,SKU1017,Home_Item_2,Home & Kitchen,East,194.0,848.27,302.6,42,19,0,164564.38
2026-06-21,SKU1020,Home_Item_5,Home & Kitchen,South,23.0,605.93,83.2,60,13,0,13936.39
2025-02-09,SKU1012,Apparel_Item_2,Apparel,West  ,77.0,2428.21,117.5,73,11,0,186972.17
2025-06-15,SKU1021,Beauty_Item_1,Beauty,East,156.0,1121.02,1038.5,69,5,0,174879.12
2026-01-25,SKU1020,Home_Item_5,Home & Kitchen,North,35.0,605.93,158.3,60,13,0,21207.55
2026-03-29,SKU1014,Apparel_Item_4,Apparel,North,133.0,1193.47,474.8,22,11,0,158731.51
2024-09-15,SKU1006,Grocery_Item_1,Grocery,East,296.0,958.46,1177.0,75,6,0,283704.16
2025-01-12,SKU1016,Home_Item_1,Home & Kitchen,West  ,,1874.67,1344.2,78,9,0,170594.97
2026-05-24,SKU1016,Home_Item_1,Home & Kitchen,West  ,56.0,1874.67,543.6,78,9,0,104981.52
2025-03-16,SKU1009,Grocery_Item_4,Grocery,West,207.0,1408.73,3606.3,23,18,0,291607.11
2026-02-08,SKU1020,Home_Item_5,Home & Kitchen,East,63.0,605.93,739.2,60,13,1,38173.59
07-09-2025,SKU1024,Beauty_Item_4,Beauty,West,101.0,999.32,1239.3,37,19,0,100931.32
2025-05-11,SKU1017,Home_Item_2,Home & Kitchen,West,185.0,848.27,826.7,42,19,0,156929.95
2024-10-20,SKU1016,Home_Item_1,Home & Kitchen,West,103.0,1874.67,557.5,78,9,0,193091.01
2024-09-29,SKU1001,Electronics_Item_1,ELECTRONICS,North,161.0,1946.19,148.3,46,14,1,313336.59
2024-09-29,SKU1021,Beauty_Item_1,Beauty,North,284.0,1121.02,387.6,69,5,0,318369.68
2025-09-21,SKU1023,Beauty_Item_3,Beauty,East,248.0,2089.04,331.7,68,10,0,518081.92
2024-12-01,SKU1025,Beauty_Item_5,Beauty,North,283.0,1722.11,574.9,28,14,0,487357.13
29-09-2024,SKU1019,Home_Item_4,Home & Kitchen,West,258.0,368.31,536.9,48,15,0,95023.98
2026-02-22,SKU1017,Home_Item_2,Home & Kitchen,East,382.0,,1674.3,42,19,0,324039.14
2025-12-07,SKU1010,Grocery_Item_5,Grocery,South,201.0,2077.7,1002.0,57,7,0,417617.7
2025-04-06,SKU1024,Beauty_Item_4,BEAUTY,South,110.0,999.32,294.5,37,19,1,109925.2
2024-11-17,SKU1016,Home_Item_1,Home & Kitchen,East,182.0,1874.67,2154.2,78,9,1,341189.94
2025-07-20,SKU1014,Apparel_Item_4,Apparel,East,133.0,1193.47,2212.9,22,11,0,158731.51
2025-05-25,SKU1018,Home_Item_3,Home & Kitchen,South,152.0,1200.41,121.5,31,17,0,182462.32
2025-10-26,SKU1009,Grocery_Item_4,Grocery,North,245.0,1408.73,1114.3,23,18,0,345138.85
2025-04-13,SKU1008,Grocery_Item_3,Grocery,West,65.0,1136.36,285.2,33,11,0,73863.4
2024-11-10,SKU1006,Grocery_Item_1,Grocery,East,347.0,958.46,97.2,75,6,0,332585.62
2025-02-23,SKU1021,Beauty_Item_1,Beauty,North,325.0,1121.02,3531.3,69,5,0,364331.5
18-05-2025,SKU1003,Electronics_Item_3,Electronics,South,279.0,280.73,1143.8,78,12,0,78323.67
28-09-2025,SKU1006,Grocery_Item_1,GROCERY,South,357.0,958.46,1621.2,75,6,0,342170.22
2025-09-07,SKU1022,Beauty_Item_2,Beauty,North,109.0,1765.65,75.6,38,4,0,192455.85
2026-08-23,SKU1023,Beauty_Item_3,Beauty,West,174.0,,438.9,68,10,0,363492.96
2025-09-28,SKU1019,Home_Item_4,HOME & KITCHEN,South,250.0,368.31,3686.0,48,15,0,92077.5
2025-11-23,SKU1014,Apparel_Item_4,Apparel,North,237.0,1193.47,793.3,22,11,0,282852.39
2026-05-31,SKU1006,Grocery_Item_1,Grocery,West,208.0,958.46,1257.8,75,6,0,199359.68
19-10-2025,SKU1025,Beauty_Item_5,Beauty,North,375.0,1722.11,327.2,28,14,0,645791.25
2025-03-02,SKU1021,Beauty_Item_1,Beauty,East,314.0,1121.02,3217.3,69,5,0,352000.28
2025-11-23,SKU1005,Electronics_Item_5,Electronics,South,,363.88,407.2,47,18,0,36024.12
2025-08-17,SKU1024,Beauty_Item_4,Beauty,West,87.0,999.32,1546.3,37,19,0,86940.84
2024-09-01,SKU1008,Grocery_Item_3,GROCERY,South,75.0,1136.36,71.4,33,11,0,85227.0
2025-08-17,SKU1020,Home_Item_5,Home & Kitchen,East,57.0,605.93,318.2,60,13,1,34538.01
2026-08-02,SKU1021,Beauty_Item_1,Beauty,East,233.0,1121.02,322.5,69,5,0,261197.66
2024-09-22,SKU1013,Apparel_Item_3,Apparel,South,290.0,1957.04,679.1,31,16,0,567541.6
2025-12-21,SKU1008,Grocery_Item_3,Grocery,East,120.0,1136.36,221.9,33,11,0,136363.2
2024-09-01,SKU1016,Home_Item_1,Home & Kitchen,South,73.0,1874.67,167.1,78,9,0,136850.91
2025-04-20,SKU1024,Beauty_Item_4,BEAUTY,South,82.0,999.32,139.5,37,19,0,81944.24
2026-04-12,SKU1021,Beauty_Item_1,Beauty,East,217.0,,1003.9,69,5,0,243261.34
2025-03-30,SKU1014,Apparel_Item_4,Apparel,East,149.0,1193.47,1010.1,22,11,0,177827.03
2025-07-06,SKU1006,Grocery_Item_1,Grocery,East,205.0,958.46,,75,6,0,196484.3
2025-01-19,SKU1019,Home_Item_4,Home & Kitchen,East,211.0,368.31,2677.0,48,15,0,77713.41
15-02-2026,SKU1020,Home_Item_5,Home & Kitchen,East,42.0,605.93,697.2,60,13,0,25449.06
2024-12-01,SKU1017,Home_Item_2,Home & Kitchen,North,405.0,848.27,2911.6,42,19,0,343549.35
2025-08-17,SKU1014,Apparel_Item_4,Apparel,South,173.0,1193.47,1630.9,22,11,0,206470.31
2024-11-03,SKU1011,Apparel_Item_1,Apparel,North,141.0,1907.31,363.6,41,15,0,268930.71
2025-07-27,SKU1013,Apparel_Item_3,Apparel,,222.0,1957.04,786.2,31,16,0,434462.88
2024-09-08,SKU1023,Beauty_Item_3,Beauty,South,172.0,2089.04,897.4,68,10,0,359314.88
2025-11-23,SKU1012,Apparel_Item_2,Apparel,East  ,84.0,2428.21,,73,11,0,203969.64
2026-04-05,SKU1003,Electronics_Item_3,Electronics,North,260.0,280.73,891.3,78,12,0,72989.8
2025-08-10,SKU1009,Grocery_Item_4,Grocery,East,203.0,1408.73,1320.1,23,18,0,285972.19
2026-06-28,SKU1001,Electronics_Item_1,ELECTRONICS,East,57.0,1946.19,210.0,46,14,0,110932.83
2026-05-31,SKU1005,Electronics_Item_5,Electronics,West,47.0,363.88,320.3,47,18,0,17102.36
2026-01-04,SKU1014,Apparel_Item_4,APPAREL,South,184.0,,544.6,22,11,0,219598.48
2025-05-04,SKU1001,Electronics_Item_1,Electronics,East,56.0,1946.19,617.5,46,14,0,108986.64
2025-04-27,SKU1011,Apparel_Item_1,Apparel,East,137.0,1907.31,801.5,41,15,0,261301.47
2026-07-19,SKU1018,Home_Item_3,HOME & KITCHEN,South,140.0,1200.41,272.0,31,17,0,168057.4
2025-05-18,SKU1009,Grocery_Item_4,Grocery,West,188.0,1408.73,2018.3,23,18,0,264841.24
2025-08-10,SKU1016,Home_Item_1,Home & Kitchen,West,50.0,1874.67,95.6,78,9,0,93733.5
2025-01-26,SKU1002,Electronics_Item_2,Electronics,North,272.0,2153.56,92.4,61,4,1,585768.32
2026-03-22,SKU1020,Home_Item_5,Home & Kitchen,East,37.0,605.93,518.2,60,13,0,22419.41
2025-10-26,SKU1016,Home_Item_1,Home & Kitchen,West,72.0,,,78,9,0,134976.24
2024-09-01,SKU1023,Beauty_Item_3,Beauty,North,348.0,2089.04,1069.4,68,10,1,726985.92
2024-12-08,SKU1009,Grocery_Item_4,Grocery,West,258.0,,396.7,23,18,0,363452.34
2024-11-10,SKU1003,Electronics_Item_3,Electronics,North,253.0,280.73,325.5,78,12,0,71024.69
2025-11-23,SKU1006,Grocery_Item_1,GROCERY,East,390.0,958.46,1621.3,75,6,0,373799.4
2025-10-12,SKU1007,Grocery_Item_2,Grocery,West,294.0,1627.47,1575.8,69,10,0,478476.18
2026-05-24,SKU1007,Grocery_Item_2,Grocery,West,227.0,1627.47,648.0,69,10,0,369435.69
15-03-2026,SKU1010,Grocery_Item_5,Grocery,East,243.0,2077.7,2947.2,57,7,0,504881.1
2025-09-14,SKU1024,Beauty_Item_4,BEAUTY,West,116.0,999.32,1123.3,37,19,0,115921.12
2026-05-17,SKU1010,Grocery_Item_5,Grocery,East,187.0,2077.7,1066.2,57,7,0,388529.9
2026-07-26,SKU1018,Home_Item_3,Home & Kitchen,West,126.0,1200.41,146.0,31,17,0,151251.66
2026-03-15,SKU1006,Grocery_Item_1,Grocery,North  ,301.0,958.46,552.7,75,6,0,288496.46
2025-02-23,SKU1016,Home_Item_1,Home & Kitchen,East,82.0,1874.67,776.2,78,9,0,153722.94
2025-10-12,SKU1010,Grocery_Item_5,Grocery,West,266.0,2077.7,251.9,57,7,0,552668.2
2025-04-20,SKU1025,Beauty_Item_5,Beauty,East,282.0,1722.11,2028.9,28,14,1,485635.02
2025-06-08,SKU1023,Beauty_Item_3,Beauty,West,118.0,2089.04,1519.9,68,10,0,246506.72
2026-08-02,SKU1018,Home_Item_3,Home & Kitchen,South,177.0,1200.41,772.4,31,17,0,212472.57
2024-11-17,SKU1019,Home_Item_4,Home & Kitchen,South,220.0,368.31,253.1,48,15,0,81028.2
2025-04-13,SKU1015,Apparel_Item_5,Apparel,North  ,35.0,428.01,166.7,60,16,0,14980.35
2025-03-30,SKU1012,Apparel_Item_2,Apparel,North,70.0,2428.21,1490.1,73,11,0,169974.7
2024-09-15,SKU1005,Electronics_Item_5,Electronics,East,50.0,363.88,357.9,47,18,0,18194.0
2025-06-22,SKU1024,Beauty_Item_4,Beauty,West,83.0,999.32,2359.3,37,19,0,82943.56
2025-10-26,SKU1007,Grocery_Item_2,Grocery,South,352.0,1627.47,1016.8,69,10,0,572869.44
2025-02-02,SKU1005,Electronics_Item_5,Electronics,East,60.0,363.88,519.9,47,18,0,21832.8
2025-10-05,SKU1007,Grocery_Item_2,Grocery,North,293.0,1627.47,338.8,69,10,0,476848.71
2025-05-04,SKU1008,Grocery_Item_3,Grocery,South,68.0,1136.36,108.2,33,11,0,77272.48
2026-03-01,SKU1005,Electronics_Item_5,Electronics,East,69.0,363.88,344.1,47,18,0,25107.72
2025-04-27,SKU1009,Grocery_Item_4,Grocery,South,161.0,1408.73,2560.3,23,18,0,226805.53
2025-04-20,SKU1022,Beauty_Item_2,Beauty,East,89.0,1765.65,77.4,38,4,0,157142.85
2025-04-20,SKU1020,Home_Item_5,Home & Kitchen,South,36.0,605.93,242.4,60,13,0,21813.48
2026-07-26,SKU1004,Electronics_Item_4,Electronics,North,,1914.79,770.4,67,15,0,522737.67
2025-03-02,SKU1007,Grocery_Item_2,Grocery,West,209.0,1627.47,234.9,69,10,0,340141.23
2026-03-08,SKU1011,Apparel_Item_1,Apparel,West  ,219.0,1907.31,159.4,41,15,1,417700.89
2025-10-12,SKU1006,Grocery_Item_1,Grocery,South,367.0,958.46,911.2,75,6,0,351754.82
2024-12-08,SKU1018,Home_Item_3,Home & Kitchen,East,171.0,1200.41,340.7,31,17,0,205270.11
2026-07-26,SKU1015,Apparel_Item_5,Apparel,West,35.0,428.01,255.5,60,16,0,14980.35
2024-09-15,SKU1016,Home_Item_1,Home & Kitchen,East  ,89.0,1874.67,-480.0,78,9,0,166845.63
21-12-2025,SKU1003,Electronics_Item_3,Electronics,West,354.0,280.73,291.4,78,12,0,99378.42
29-12-2024,SKU1022,Beauty_Item_2,Beauty,South,117.0,1765.65,411.2,38,4,0,206581.05
2026-05-17,SKU1017,Home_Item_2,Home & Kitchen,South  ,188.0,848.27,5802.6,42,19,0,159474.76
2026-08-23,SKU1015,Apparel_Item_5,Apparel,North,39.0,428.01,102.5,60,16,0,16692.39
2024-09-08,SKU1016,Home_Item_1,HOME & KITCHEN,South,97.0,1874.67,569.0,78,9,0,181842.99
2025-08-10,SKU1017,Home_Item_2,Home & Kitchen,North,275.0,848.27,2032.4,42,19,0,233274.25
2026-04-05,SKU1009,Grocery_Item_4,Grocery,North  ,1573.0149083632868,1408.73,1148.7,23,18,0,229622.99
2026-05-03,SKU1018,Home_Item_3,Home & Kitchen,South,124.0,,583.4,31,17,0,148850.84
2026-02-15,SKU1005,Electronics_Item_5,Electronics,South,81.0,363.88,133.5,47,18,0,29474.28
2024-12-22,SKU1018,Home_Item_3,Home & Kitchen,West,185.0,1200.41,846.6,31,17,0,222075.85
2025-03-09,SKU1003,Electronics_Item_3,Electronics,South,214.0,280.73,2219.4,78,12,0,60076.22
2025-07-06,SKU1019,Home_Item_4,Home & Kitchen,West  ,181.0,,60.7,48,15,0,66664.11
2026-03-22,SKU1019,Home_Item_4,Home & Kitchen,North,215.0,368.31,472.6,48,15,0,79186.65
2025-03-09,SKU1011,Apparel_Item_1,Apparel,North,162.0,1907.31,956.5,41,15,0,308984.22
2024-12-22,SKU1019,Home_Item_4,Home & Kitchen,West,278.0,368.31,3593.0,48,15,0,102390.18
2026-01-18,SKU1010,Grocery_Item_5,Grocery,East,186.0,2077.7,865.9,57,7,0,386452.2
2025-10-19,SKU1023,Beauty_Item_3,Beauty,North,262.0,2089.04,623.6,68,10,0,547328.48
2025-05-04,SKU1016,Home_Item_1,Home & Kitchen,North,50.0,1874.67,490.7,78,9,0,93733.5
2025-10-19,SKU1008,Grocery_Item_3,Grocery,East,86.0,1136.36,245.9,33,11,0,97726.96
2025-08-31,SKU1017,Home_Item_2,Home & Kitchen,North,286.0,848.27,1138.4,42,19,0,242605.22
2026-03-22,SKU1009,Grocery_Item_4,Grocery,North,179.0,1408.73,132.1,23,18,0,252162.67
2024-11-17,SKU1004,Electronics_Item_4,Electronics,South,415.0,1914.79,5892.7,67,15,0,794637.85
2025-06-29,SKU1022,Beauty_Item_2,Beauty,North  ,71.0,1765.65,514.5,38,4,0,125361.15
2024-12-08,SKU1007,Grocery_Item_2,Grocery,East,319.0,1627.47,722.6,69,10,1,519162.93
2024-10-20,SKU1018,Home_Item_3,Home & Kitchen,West  ,168.0,1200.41,451.6,31,17,0,201668.88
2026-08-23,SKU1020,Home_Item_5,Home & Kitchen,South,28.0,605.93,218.8,60,13,0,16966.04
2026-02-22,SKU1008,Grocery_Item_3,Grocery,South,,1136.36,1255.8,33,11,0,76136.12
2024-10-13,SKU1016,Home_Item_1,Home & Kitchen,West,118.0,1874.67,103.0,78,9,0,221211.06
2025-10-12,SKU1010,Grocery_Item_5,Grocery,West,266.0,2077.7,251.9,57,7,0,552668.2
2025-01-26,SKU1018,Home_Item_3,Home & Kitchen,West,187.0,1200.41,849.5,31,17,0,224476.67
2025-09-21,SKU1004,Electronics_Item_4,Electronics,North,400.0,1914.79,980.5,67,15,0,765916.0
02-03-2025,SKU1015,Apparel_Item_5,Apparel,West,51.0,428.01,176.8,60,16,1,21828.51
2024-10-06,SKU1024,Beauty_Item_4,Beauty,North,,999.32,128.6,37,19,0,94935.4
2025-12-14,SKU1007,Grocery_Item_2,Grocery,North,341.0,1627.47,264.7,69,10,0,554967.27
2026-03-29,SKU1001,Electronics_Item_1,Electronics,West  ,54.0,1946.19,417.2,46,14,0,105094.26
2026-01-18,SKU1023,Beauty_Item_3,Beauty,West,213.0,2089.04,1188.1,68,10,0,444965.52
2026-08-16,SKU1003,Electronics_Item_3,ELECTRONICS,North,339.0,280.73,426.1,78,12,0,95167.47
2026-05-10,SKU1001,Electronics_Item_1,Electronics,South,52.0,1946.19,84.2,46,14,0,101201.88
2024-10-20,SKU1012,Apparel_Item_2,Apparel,East,64.0,2428.21,85.4,73,11,0,155405.44
2026-04-05,SKU1011,Apparel_Item_1,Apparel,East  ,,1907.31,321.5,41,15,0,329964.63
2026-02-15,SKU1009,Grocery_Item_4,Grocery,West,206.0,1408.73,1153.1,23,18,0,290198.38
2025-11-02,SKU1002,Electronics_Item_2,Electronics,South,227.0,2153.56,808.2,61,4,0,488858.12
2026-03-22,SKU1013,Apparel_Item_3,Apparel,North,240.0,,156.0,31,16,0,469689.6
2025-03-23,SKU1003,Electronics_Item_3,Electronics,North,216.0,280.73,1738.4,78,12,0,60637.68
2026-02-22,SKU1014,Apparel_Item_4,Apparel,North,,1193.47,167.6,22,11,1,318656.49
2026-06-21,SKU1005,Electronics_Item_5,Electronics,South  ,56.0,363.88,162.3,47,18,0,20377.28
2025-03-09,SKU1020,Home_Item_5,Home & Kitchen,North,34.0,605.93,257.1,60,13,0,20601.62
14-12-2025,SKU1012,Apparel_Item_2,Apparel,North,94.0,2428.21,289.7,73,11,0,228251.74
2026-05-10,SKU1012,Apparel_Item_2,Apparel,South,65.0,2428.21,438.4,73,11,0,157833.65
2025-02-23,SKU1025,Beauty_Item_5,Beauty,South,265.0,1722.11,3945.9,28,14,0,456359.15
2025-09-07,SKU1018,Home_Item_3,Home & Kitchen,,161.0,1200.41,673.2,31,17,0,193266.01
2025-10-19,SKU1012,Apparel_Item_2,Apparel,West  ,87.0,2428.21,978.7,73,11,0,211254.27
2025-04-13,SKU1007,Grocery_Item_2,Grocery,East,321.0,1627.47,216.9,69,10,1,522417.87
29-09-2024,SKU1012,Apparel_Item_2,Apparel,South,101.0,2428.21,305.4,73,11,1,245249.21
2024-12-08,SKU1011,Apparel_Item_1,APPAREL,North,,1907.31,275.8,41,15,0,345223.11
2024-10-20,SKU1011,Apparel_Item_1,Apparel,West,179.0,1907.31,694.6,41,15,0,341408.49
29-12-2024,SKU1017,Home_Item_2,Home & Kitchen,East,434.0,848.27,853.6,42,19,0,368149.18
12-10-2025,SKU1017,Home_Item_2,Home & Kitchen,South,349.0,848.27,587.5,42,19,0,296046.23
2026-05-03,SKU1024,Beauty_Item_4,Beauty,North,67.0,999.32,480.8,37,19,0,66954.44
2025-05-18,SKU1018,Home_Item_3,Home & Kitchen,East,135.0,1200.41,273.5,31,17,0,162055.35
2025-04-13,SKU1012,Apparel_Item_2,Apparel,East,65.0,2428.21,1356.1,73,11,0,157833.65
27-10-2024,SKU1023,Beauty_Item_3,Beauty,North,243.0,2089.04,569.8,68,10,0,507636.72
2026-07-12,SKU1016,Home_Item_1,Home & Kitchen,South,59.0,1874.67,148.6,78,9,0,110605.53
2025-05-25,SKU1003,Electronics_Item_3,Electronics,North  ,199.0,280.73,944.8,78,12,0,55865.27
2025-01-19,SKU1007,Grocery_Item_2,Grocery,North,533.0,1627.47,197.5,69,10,1,867441.51
2024-12-08,SKU1006,Grocery_Item_1,Grocery,West,361.0,958.46,3617.0,75,6,0,346004.06
2025-08-24,SKU1005,Electronics_Item_5,ELECTRONICS,North,56.0,363.88,1057.9,47,18,0,20377.28
2025-09-28,SKU1010,Grocery_Item_5,Grocery,North,200.0,2077.7,731.9,57,7,0,415540.0
2025-09-07,SKU1008,Grocery_Item_3,Grocery,West  ,83.0,1136.36,393.7,33,11,0,94317.88
2026-07-26,SKU1006,Grocery_Item_1,Grocery,South,257.0,958.46,1169.8,75,6,0,246324.22
2025-12-21,SKU1020,Home_Item_5,Home & Kitchen,North,40.0,605.93,162.4,60,13,0,24237.2
23-02-2025,SKU1003,Electronics_Item_3,Electronics,South,260.0,280.73,2736.4,78,12,0,72989.8
2025-08-10,SKU1007,Grocery_Item_2,Grocery,West,247.0,1627.47,954.7,69,10,0,401985.09
2025-09-14,SKU1004,Electronics_Item_4,Electronics,North,378.0,1914.79,1380.5,67,15,0,723790.62
2025-07-13,SKU1007,Grocery_Item_2,Grocery,West  ,327.0,1627.47,104.8,69,10,1,532182.69
2025-10-26,SKU1025,Beauty_Item_5,Beauty,North,348.0,1722.11,1150.7,28,14,0,599294.28
2025-09-07,SKU1004,Electronics_Item_4,Electronics,East,383.0,1914.79,1758.5,67,15,0,733364.57
2024-09-29,SKU1005,Electronics_Item_5,Electronics,South,,363.88,219.9,47,18,0,26199.36
2025-10-12,SKU1005,Electronics_Item_5,Electronics,South,78.0,363.88,,47,18,0,28382.64
2024-11-10,SKU1007,Grocery_Item_2,Grocery,East,328.0,1627.47,250.6,69,10,0,533810.16
2024-09-29,SKU1009,Grocery_Item_4,GROCERY,South,234.0,1408.73,181.5,23,18,0,329642.82
2024-11-10,SKU1009,Grocery_Item_4,Grocery,East,248.0,1408.73,92.4,23,18,0,349365.04
14-09-2025,SKU1003,Electronics_Item_3,Electronics,East,339.0,280.73,1097.5,78,12,0,95167.47
2026-04-26,SKU1018,Home_Item_3,Home & Kitchen,South,142.0,1200.41,707.4,31,17,0,170458.22
2025-06-01,SKU1016,Home_Item_1,Home & Kitchen,South,60.0,1874.67,199.7,78,9,0,112480.2
2025-12-07,SKU1001,Electronics_Item_1,Electronics,West,129.0,1946.19,324.7,46,14,0,251058.51
2026-01-11,SKU1013,Apparel_Item_3,Apparel,East,335.0,1957.04,,31,16,0,655608.4
2024-10-06,SKU1018,Home_Item_3,Home & Kitchen,East  ,174.0,1200.41,803.6,31,17,0,208871.34
2024-10-27,SKU1020,Home_Item_5,Home & Kitchen,West,43.0,605.93,496.3,60,13,0,26054.99
2025-01-19,SKU1018,Home_Item_3,Home & Kitchen,North,194.0,1200.41,46.6,31,17,0,232879.54
2026-01-04,SKU1012,Apparel_Item_2,Apparel,North,81.0,2428.21,418.1,73,11,0,196685.01
2025-11-02,SKU1019,Home_Item_4,HOME & KITCHEN,East,268.0,368.31,2312.0,48,15,0,98707.08
2025-05-25,SKU1009,Grocery_Item_4,Grocery,East  ,143.0,1408.73,1875.3,23,18,0,201448.39
2025-11-02,SKU1020,Home_Item_5,Home & Kitchen,South  ,39.0,605.93,,60,13,0,23631.27
2025-05-11,SKU1005,Electronics_Item_5,Electronics,South,98.0,363.88,324.4,47,18,1,35660.24
2026-08-23,SKU1007,Grocery_Item_2,Grocery,South,233.0,1627.47,167.0,69,10,0,379200.51
2025-08-10,SKU1014,Apparel_Item_4,Apparel,East,144.0,1193.47,1803.9,22,11,0,171859.68
2024-09-15,SKU1017,Home_Item_2,Home & Kitchen,East,258.0,848.27,1118.9,42,19,0,218853.66
2025-04-06,SKU1009,Grocery_Item_4,Grocery,West,224.0,1408.73,3025.3,23,18,0,315555.52
2026-05-17,SKU1005,Electronics_Item_5,Electronics,East,53.0,363.88,101.4,47,18,0,19285.64
2024-12-22,SKU1004,Electronics_Item_4,Electronics,East,406.0,1914.79,3767.7,67,15,0,777404.74
2026-02-01,SKU1023,Beauty_Item_3,Beauty,East,142.0,2089.04,828.1,68,10,0,296643.68
2025-12-07,SKU1023,Beauty_Item_3,Beauty,South,232.0,2089.04,148.4,68,10,0,484657.28
2025-06-29,SKU1015,Apparel_Item_5,Apparel,South,27.0,428.01,64.3,60,16,0,11556.27
2025-08-24,SKU1016,Home_Item_1,Home & Kitchen,South,83.0,1874.67,519.3,78,9,0,155597.61
2025-12-21,SKU1011,Apparel_Item_1,Apparel,West,,1907.31,1329.5,41,15,0,370018.14
2026-07-19,SKU1003,Electronics_Item_3,Electronics,South,270.0,280.73,265.8,78,12,0,75797.1
2025-08-31,SKU1025,Beauty_Item_5,BEAUTY,East,271.0,1722.11,2374.2,28,14,0,466691.81
2026-08-16,SKU1021,Beauty_Item_1,Beauty,West,308.0,1121.02,1263.0,69,5,0,345274.16
2024-09-08,SKU1010,Grocery_Item_5,Grocery,South,427.0,2077.7,1060.4,57,7,1,887177.9
01-12-2024,SKU1019,Home_Item_4,Home & Kitchen,South,271.0,368.31,4370.0,48,15,0,99812.01
2025-11-23,SKU1002,Electronics_Item_2,Electronics,East,243.0,2153.56,1162.3,61,4,0,523315.08
2026-02-15,SKU1012,Apparel_Item_2,Apparel,South,94.0,2428.21,1303.4,73,11,0,228251.74
2025-02-09,SKU1020,Home_Item_5,Home & Kitchen,West,59.0,605.93,238.6,60,13,1,35749.87
2025-02-23,SKU1017,Home_Item_2,Home & Kitchen,East,326.0,848.27,243.9,42,19,0,276536.02
2025-08-31,SKU1003,Electronics_Item_3,Electronics,North,320.0,280.73,248.3,78,12,0,89833.6
2025-12-07,SKU1015,Apparel_Item_5,Apparel,East,42.0,428.01,411.7,60,16,0,17976.42
2025-10-26,SKU1021,Beauty_Item_1,Beauty,West,398.0,1121.02,254.3,69,5,0,446165.96
2024-09-08,SKU1014,Apparel_Item_4,Apparel,North,201.0,1193.47,923.1,22,11,0,239887.47
2025-06-08,SKU1018,Home_Item_3,Home & Kitchen,South,112.0,,938.0,31,17,0,134445.92
2025-08-17,SKU1015,Apparel_Item_5,Apparel,East,37.0,428.01,95.5,60,16,0,15836.37
2024-11-10,SKU1014,Apparel_Item_4,APPAREL,North,220.0,1193.47,331.1,22,11,0,262563.4
2026-05-03,SKU1007,Grocery_Item_2,Grocery,North,269.0,1627.47,1349.0,69,10,0,437789.43
2025-11-09,SKU1020,Home_Item_5,HOME & KITCHEN,West,71.0,605.93,154.6,60,13,1,43021.03
2024-09-22,SKU1011,Apparel_Item_1,Apparel,,152.0,1907.31,419.4,41,15,0,289911.12
2025-06-15,SKU1008,Grocery_Item_3,Grocery,North,50.0,1136.36,201.2,33,11,0,56818.0
2025-11-30,SKU1016,Home_Item_1,Home & Kitchen,South,105.0,1874.67,380.9,78,9,0,196840.35
2025-06-15,SKU1017,Home_Item_2,Home & Kitchen,North,251.0,848.27,1772.3,42,19,0,212915.77
2025-04-27,SKU1010,Grocery_Item_5,Grocery,West,175.0,2077.7,1362.1,57,7,0,363597.5
2026-03-22,SKU1002,Electronics_Item_2,Electronics,East,201.0,2153.56,398.9,61,4,0,432865.56
2026-07-05,SKU1003,Electronics_Item_3,Electronics,North,249.0,280.73,869.8,78,12,0,69901.77
2025-03-02,SKU1008,Grocery_Item_3,Grocery,West,95.0,1136.36,155.2,33,11,0,107954.2
2025-11-09,SKU1001,Electronics_Item_1,ELECTRONICS,North,90.0,1946.19,164.4,46,14,0,175157.1
2025-09-07,SKU1021,Beauty_Item_1,Beauty,South,234.0,1121.02,1081.7,69,5,0,262318.68
2026-01-25,SKU1003,Electronics_Item_3,Electronics,North,255.0,280.73,171.0,78,12,0,71586.15
2025-07-13,SKU1016,Home_Item_1,Home & Kitchen,North,52.0,1874.67,365.6,78,9,0,97482.84
2026-05-31,SKU1014,Apparel_Item_4,Apparel,South,124.0,1193.47,271.2,22,11,0,147990.28
2025-08-10,SKU1024,Beauty_Item_4,Beauty,South,110.0,999.32,1633.3,37,19,0,109925.2
2024-10-13,SKU1016,Home_Item_1,Home & Kitchen,West,118.0,1874.67,103.0,78,9,0,221211.06
2025-02-02,SKU1017,Home_Item_2,Home & Kitchen,East,287.0,848.27,1223.9,42,19,0,243453.49
2025-02-09,SKU1008,Grocery_Item_3,Grocery,East  ,90.0,1136.36,446.2,33,11,0,102272.4
2025-10-05,SKU1001,Electronics_Item_1,Electronics,East  ,97.0,1946.19,98.3,46,14,0,188780.43
2025-09-07,SKU1011,Apparel_Item_1,Apparel,East,,1907.31,1681.2,41,15,0,303262.29
2024-10-27,SKU1024,Beauty_Item_4,Beauty,East,108.0,999.32,448.5,37,19,0,107926.56
2026-03-15,SKU1003,Electronics_Item_3,Electronics,North,288.0,280.73,1687.3,78,12,0,80850.24
2025-01-05,SKU1003,Electronics_Item_3,Electronics,East  ,268.0,280.73,5073.4,78,12,0,75235.64
2025-01-12,SKU1020,Home_Item_5,Home & Kitchen,West,44.0,605.93,207.6,60,13,0,26660.92
05-04-2026,SKU1015,Apparel_Item_5,Apparel,North,33.0,428.01,245.8,60,16,0,14124.33
2025-01-05,SKU1010,Grocery_Item_5,GROCERY,West,239.0,2077.7,4877.1,57,7,0,496570.3
2026-08-23,SKU1017,Home_Item_2,Home & Kitchen,East,333.0,848.27,2191.6,42,19,0,282473.91
2026-05-31,SKU1016,Home_Item_1,Home & Kitchen,North,69.0,1874.67,-474.6,78,9,0,129352.23
22-12-2024,SKU1012,Apparel_Item_2,Apparel,North,89.0,2428.21,206.4,73,11,0,216110.69
2025-07-06,SKU1017,Home_Item_2,Home & Kitchen,West,173.0,848.27,1148.3,42,19,0,146750.71
2025-02-16,SKU1006,Grocery_Item_1,Grocery,North,287.0,958.46,387.0,75,6,0,275078.02
18-05-2025,SKU1010,Grocery_Item_5,Grocery,North,304.0,2077.7,489.1,57,7,1,631620.8
2026-01-18,SKU1020,Home_Item_5,Home & Kitchen,North,39.0,605.93,193.3,60,13,0,23631.27
2026-02-01,SKU1012,Apparel_Item_2,Apparel,East,135.0,2428.21,1465.4,73,11,1,327808.35
2025-09-28,SKU1015,Apparel_Item_5,Apparel,West,38.0,428.01,68.8,60,16,0,16264.38
2025-02-09,SKU1022,Beauty_Item_2,Beauty,South,93.0,1765.65,271.7,38,4,0,164205.45
2025-09-14,SKU1012,Apparel_Item_2,Apparel,South  ,66.0,2428.21,205.1,73,11,0,160261.86
2025-12-14,SKU1011,Apparel_Item_1,Apparel,South  ,214.0,1907.31,1523.5,41,15,0,408164.34
2024-11-10,SKU1018,Home_Item_3,Home & Kitchen,West,173.0,1200.41,1067.7,31,17,0,207670.93
2025-11-23,SKU1007,Grocery_Item_2,Grocery,South,284.0,1627.47,1198.7,69,10,0,462201.48
2026-03-15,SKU1019,Home_Item_4,Home & Kitchen,East,170.0,368.31,687.6,48,15,0,62612.7
05-01-2025,SKU1012,Apparel_Item_2,Apparel,West,87.0,2428.21,483.5,73,11,0,211254.27
2026-01-04,SKU1022,Beauty_Item_2,Beauty,East,121.0,1765.65,122.2,38,4,0,213643.65
2026-05-10,SKU1022,Beauty_Item_2,Beauty,North,77.0,1765.65,134.1,38,4,0,135955.05
2025-05-11,SKU1004,Electronics_Item_4,Electronics,North,289.0,1914.79,939.6,67,15,0,553374.31
2026-08-16,SKU1017,Home_Item_2,Home & Kitchen,East,288.0,848.27,2524.6,42,19,0,244301.76
2026-04-19,SKU1014,Apparel_Item_4,Apparel,West,134.0,1193.47,1063.2,22,11,0,159924.98
2025-01-12,SKU1004,Electronics_Item_4,Electronics,South,399.0,1914.79,2555.7,67,15,0,764001.21
2025-08-31,SKU1002,Electronics_Item_2,Electronics,South,346.0,2153.56,498.6,61,4,1,745131.76
2026-05-17,SKU1013,Apparel_Item_3,Apparel,North,212.0,1957.04,878.9,31,16,0,414892.48
2025-10-05,SKU1015,Apparel_Item_5,Apparel,East,43.0,428.01,223.2,60,16,0,18404.43
2026-06-21,SKU1016,Home_Item_1,Home & Kitchen,West,59.0,1874.67,325.6,78,9,0,110605.53
2025-09-14,SKU1015,Apparel_Item_5,Apparel,North,36.0,,149.8,60,16,0,15408.36
03-05-2026,SKU1001,Electronics_Item_1,Electronics,South,54.0,1946.19,136.2,46,14,0,105094.26
2025-06-22,SKU1001,Electronics_Item_1,Electronics,East,46.0,1946.19,241.5,46,14,0,89524.74
2025-10-19,SKU1002,Electronics_Item_2,Electronics,West,252.0,2153.56,307.7,61,4,0,542697.12
2024-11-24,SKU1020,Home_Item_5,Home & Kitchen,West,46.0,605.93,327.3,60,13,0,27872.78
2025-12-28,SKU1016,Home_Item_1,Home & Kitchen,South,89.0,1874.67,460.1,78,9,0,166845.63
2024-10-06,SKU1001,Electronics_Item_1,Electronics,East  ,110.0,1946.19,601.5,46,14,0,214080.9
10-08-2025,SKU1018,Home_Item_3,Home & Kitchen,South,148.0,1200.41,495.6,31,17,0,177660.68
2025-04-13,SKU1013,Apparel_Item_3,Apparel,East,238.0,1957.04,1265.0,31,16,0,465775.52
2024-12-08,SKU1019,Home_Item_4,Home & Kitchen,North,223.0,368.31,4147.0,48,15,0,82133.13
2025-09-21,SKU1019,Home_Item_4,Home & Kitchen,West,208.0,368.31,3936.0,48,15,0,76608.48
2025-01-26,SKU1001,Electronics_Item_1,Electronics,East,98.0,1946.19,84.7,46,14,0,190726.62
2025-02-16,SKU1008,Grocery_Item_3,Grocery,East,108.0,1136.36,338.2,33,11,0,122726.88
2025-07-27,SKU1008,Grocery_Item_3,Grocery,North,133.0,1136.36,264.5,33,11,1,151135.88
2024-12-01,SKU1021,Beauty_Item_1,Beauty,East,,1121.02,573.4,69,5,0,371057.62
2024-12-01,SKU1022,Beauty_Item_2,Beauty,East,125.0,1765.65,940.2,38,4,0,220706.25
2025-09-21,SKU1010,Grocery_Item_5,Grocery,North,210.0,2077.7,931.9,57,7,0,436317.0
2026-04-26,SKU1010,Grocery_Item_5,Grocery,North,227.0,2077.7,1751.2,57,7,0,471637.9
02-02-2025,SKU1016,Home_Item_1,Home & Kitchen,South,94.0,1874.67,1051.2,78,9,0,176218.98
2025-01-19,SKU1014,Apparel_Item_4,Apparel,South,207.0,1193.47,422.8,22,11,0,247048.29
2025-02-23,SKU1020,Home_Item_5,Home & Kitchen,North,66.0,605.93,129.6,60,13,1,39991.38
2026-05-17,SKU1009,Grocery_Item_4,Grocery,South,109.0,1408.73,57.7,23,18,0,153551.57
2025-02-09,SKU1004,Electronics_Item_4,Electronics,West,349.0,1914.79,864.7,67,15,0,668261.71
2024-10-06,SKU1003,Electronics_Item_3,Electronics,North,319.0,280.73,310.3,78,12,0,89552.87
2025-05-18,SKU1007,Grocery_Item_2,Grocery,North,214.0,1627.47,640.2,69,10,0,348278.58
24-08-2025,SKU1022,Beauty_Item_2,Beauty,East,104.0,1765.65,282.6,38,4,0,183627.6
2025-04-13,SKU1023,Beauty_Item_3,Beauty,West,134.0,2089.04,2531.9,68,10,0,279931.36
2025-04-13,SKU1020,Home_Item_5,Home & Kitchen,East,35.0,605.93,93.1,60,13,0,21207.55
2026-01-04,SKU1013,Apparel_Item_3,Apparel,West,513.0,1957.04,132.1,31,16,1,1003961.52
2026-08-02,SKU1019,Home_Item_4,Home & Kitchen,East,228.0,368.31,828.6,48,15,0,83974.68
2026-02-01,SKU1002,Electronics_Item_2,Electronics,North,192.0,2153.56,732.1,61,4,0,413483.52
2026-05-10,SKU1021,Beauty_Item_1,BEAUTY,,218.0,1121.02,1471.6,69,5,0,244382.36
2026-05-03,SKU1006,Grocery_Item_1,Grocery,North,271.0,958.46,303.0,75,6,1,259742.66
04-01-2026,SKU1024,Beauty_Item_4,Beauty,East,193.0,999.32,,37,19,1,192868.76
2025-11-09,SKU1012,Apparel_Item_2,Apparel,North,75.0,2428.21,729.7,73,11,0,182115.75
2024-09-15,SKU1024,Beauty_Item_4,Beauty,,105.0,999.32,510.6,37,19,0,104928.6
2025-05-18,SKU1020,Home_Item_5,Home & Kitchen,South  ,42.0,605.93,73.4,60,13,0,25449.06
2026-02-08,SKU1021,Beauty_Item_1,Beauty,North,325.0,1121.02,375.4,69,5,0,364331.5
2026-05-24,SKU1009,Grocery_Item_4,Grocery,South,277.0,1408.73,1161.4,23,18,1,390218.21
2025-10-19,SKU1001,Electronics_Item_1,Electronics,South  ,139.0,1946.19,441.4,46,14,1,270520.41
2025-06-01,SKU1003,Electronics_Item_3,Electronics,South,241.0,280.73,,78,12,0,67655.93
2025-03-02,SKU1025,Beauty_Item_5,Beauty,South,236.0,1722.11,3709.9,28,14,0,406417.96
2026-06-28,SKU1003,Electronics_Item_3,Electronics,East  ,253.0,280.73,1118.8,78,12,0,71024.69
2026-03-08,SKU1003,Electronics_Item_3,Electronics,West,228.0,280.73,175.0,78,12,0,64006.44
2024-10-27,SKU1017,Home_Item_2,Home & Kitchen,East,300.0,848.27,4873.6,42,19,0,254481.0
2025-10-19,SKU1019,Home_Item_4,Home & Kitchen,West,219.0,368.31,2859.0,48,15,0,80659.89
2024-09-01,SKU1006,Grocery_Item_1,Grocery,North,266.0,958.46,92.5,75,6,0,254950.36
2026-04-12,SKU1016,Home_Item_1,Home & Kitchen,North,64.0,1874.67,386.3,78,9,0,119978.88
2025-11-23,SKU1015,Apparel_Item_5,Apparel,West,45.0,428.01,506.7,60,16,0,19260.45
2025-12-28,SKU1018,Home_Item_3,HOME & KITCHEN,East,224.0,1200.41,980.0,31,17,0,268891.84
2024-12-01,SKU1016,Home_Item_1,Home & Kitchen,East,115.0,1874.67,1933.2,78,9,0,215587.05
2026-04-05,SKU1021,Beauty_Item_1,Beauty,South,218.0,1121.02,1220.9,69,5,0,244382.36
2026-02-08,SKU1007,Grocery_Item_2,Grocery,North,241.0,1627.47,3176.1,69,10,0,392220.27
2025-01-12,SKU1025,Beauty_Item_5,Beauty,East,268.0,1722.11,239.3,28,14,0,461525.48
2026-01-25,SKU1025,Beauty_Item_5,Beauty,West,317.0,1722.11,1136.1,28,14,0,545908.87
2026-01-11,SKU1020,Home_Item_5,Home & Kitchen,South,33.0,605.93,232.3,60,13,0,19995.69
21-12-2025,SKU1022,Beauty_Item_2,Beauty,North  ,117.0,1765.65,358.2,38,4,0,206581.05
2026-02-22,SKU1020,Home_Item_5,Home & Kitchen,South  ,54.0,605.93,643.2,60,13,1,32720.22
2026-05-31,SKU1004,Electronics_Item_4,Electronics,North  ,220.0,1914.79,1050.9,67,15,0,421253.8
2025-02-23,SKU1001,Electronics_Item_1,Electronics,South,72.0,1946.19,1396.5,46,14,0,140125.68
2025-06-22,SKU1014,Apparel_Item_4,Apparel,North,192.0,1193.47,2706.9,22,11,1,229146.24
2024-12-29,SKU1020,Home_Item_5,HOME & KITCHEN,North  ,37.0,605.93,88.3,60,13,0,22419.41
2026-08-23,SKU1010,Grocery_Item_5,Grocery,West,168.0,2077.7,2122.7,57,7,0,349053.6
2025-05-25,SKU1020,Home_Item_5,Home & Kitchen,North,28.0,605.93,739.2,60,13,0,16966.04
2026-02-01,SKU1003,Electronics_Item_3,ELECTRONICS,East,271.0,280.73,1677.0,78,12,0,76077.83
2026-07-05,SKU1025,Beauty_Item_5,Beauty,North,190.0,1722.11,1990.2,28,14,0,327200.9
2024-11-17,SKU1003,Electronics_Item_3,Electronics,South,315.0,280.73,1391.0,78,12,0,88429.95
2026-01-11,SKU1023,Beauty_Item_3,Beauty,East,220.0,2089.04,172.7,68,10,0,459588.8
2025-07-06,SKU1013,Apparel_Item_3,Apparel,South,262.0,1957.04,138.7,31,16,0,512744.48
05-04-2026,SKU1007,Grocery_Item_2,Grocery,South,270.0,1627.47,932.1,69,10,0,439416.9
2025-04-27,SKU1003,Electronics_Item_3,Electronics,North,309.0,280.73,292.4,78,12,1,86745.57
2025-05-11,SKU1007,Grocery_Item_2,Grocery,North,227.0,1627.47,854.2,69,10,0,369435.69
2025-11-02,SKU1021,Beauty_Item_1,Beauty,East,357.0,1121.02,1766.9,69,5,0,400204.14
2024-09-29,SKU1004,Electronics_Item_4,Electronics,South,343.0,1914.79,205.4,67,15,0,656772.97
2025-02-09,SKU1019,Home_Item_4,Home & Kitchen,North,426.0,368.31,1775.0,48,15,1,156900.06
2025-12-07,SKU1024,Beauty_Item_4,Beauty,West,124.0,999.32,219.6,37,19,0,123915.68
2026-01-25,SKU1014,Apparel_Item_4,Apparel,East,231.0,1193.47,1010.6,22,11,0,275691.57
2024-09-08,SKU1001,Electronics_Item_1,Electronics,,81.0,1946.19,476.3,46,14,0,157641.39
2026-03-01,SKU1013,Apparel_Item_3,Apparel,North  ,313.0,1957.04,950.0,31,16,0,612553.52
09-03-2025,SKU1023,Beauty_Item_3,Beauty,,162.0,2089.04,3330.9,68,10,0,338424.48
2025-06-08,SKU1012,Apparel_Item_2,Apparel,West,75.0,2428.21,802.1,73,11,0,182115.75
2026-03-22,SKU1024,Beauty_Item_4,Beauty,West,98.0,999.32,287.8,37,19,0,97933.36
2025-07-27,SKU1011,Apparel_Item_1,APPAREL,North,135.0,1907.31,2602.2,41,15,0,257486.85
2024-09-08,SKU1007,Grocery_Item_2,Grocery,East,340.0,1627.47,1113.9,69,10,1,553339.8
19-01-2025,SKU1005,Electronics_Item_5,Electronics,East,50.0,363.88,656.9,47,18,0,18194.0
2024-09-08,SKU1021,Beauty_Item_1,Beauty,South,259.0,1121.02,1324.6,69,5,0,290344.18
2025-04-27,SKU1019,Home_Item_4,Home & Kitchen,South,184.0,368.31,796.8,48,15,0,67769.04
2025-12-21,SKU1012,Apparel_Item_2,Apparel,East,76.0,2428.21,213.7,73,11,0,184543.96
2026-03-15,SKU1009,Grocery_Item_4,Grocery,East,196.0,1408.73,311.1,23,18,0,276111.08
2026-06-07,SKU1024,Beauty_Item_4,BEAUTY,South,74.0,999.32,48.8,37,19,0,73949.68
2026-04-26,SKU1023,Beauty_Item_3,Beauty,North,157.0,2089.04,681.8,68,10,0,327979.28
2024-11-17,SKU1018,Home_Item_3,Home & Kitchen,East,146.0,1200.41,921.7,31,17,0,175259.86
2025-04-20,SKU1005,Electronics_Item_5,Electronics,South,52.0,363.88,200.5,47,18,0,18921.76
2025-02-16,SKU1018,Home_Item_3,Home & Kitchen,North,198.0,1200.41,,31,17,0,237681.18
2026-02-01,SKU1007,Grocery_Item_2,Grocery,West,405.0,,3417.1,69,10,1,659125.35
2025-08-10,SKU1025,Beauty_Item_5,Beauty,West,186.0,1722.11,3188.2,28,14,0,320312.46
06-04-2025,SKU1001,Electronics_Item_1,Electronics,West,67.0,1946.19,879.5,46,14,0,130394.73
2025-06-08,SKU1008,Grocery_Item_3,Grocery,East,59.0,1136.36,251.2,33,11,0,67045.24
2026-04-05,SKU1004,Electronics_Item_4,Electronics,East,238.0,1914.79,3200.9,67,15,0,455720.02
2024-10-13,SKU1001,Electronics_Item_1,Electronics,West,108.0,1946.19,493.5,46,14,0,210188.52
2025-06-01,SKU1021,Beauty_Item_1,Beauty,East  ,202.0,1121.02,1400.5,69,5,0,226446.04
15-09-2024,SKU1004,Electronics_Item_4,Electronics,,337.0,1914.79,886.4,67,15,0,645284.23
2026-01-04,SKU1025,Beauty_Item_5,Beauty,South,294.0,1722.11,552.5,28,14,0,506300.34
2025-08-17,SKU1016,Home_Item_1,Home & Kitchen,South,75.0,1874.67,602.3,78,9,0,140600.25
2025-06-29,SKU1018,Home_Item_3,HOME & KITCHEN,North  ,132.0,1200.41,498.0,31,17,0,158454.12
2025-08-17,SKU1019,Home_Item_4,Home & Kitchen,North  ,269.0,368.31,5323.0,48,15,0,99075.39
2026-04-12,SKU1005,Electronics_Item_5,Electronics,South,57.0,363.88,371.4,47,18,0,20741.16
2025-10-12,SKU1003,Electronics_Item_3,Electronics,West  ,338.0,280.73,1578.6,78,12,0,94886.74
22-09-2024,SKU1008,Grocery_Item_3,Grocery,West,79.0,1136.36,1309.5,33,11,0,89772.44
2026-05-24,SKU1022,Beauty_Item_2,Beauty,North,75.0,1765.65,1390.0,38,4,0,132423.75
2025-03-09,SKU1001,Electronics_Item_1,ELECTRONICS,West,148.0,1946.19,1171.5,46,14,1,288036.12
2025-11-23,SKU1003,Electronics_Item_3,Electronics,West,302.0,280.73,1669.4,78,12,0,84780.46
2025-01-19,SKU1003,Electronics_Item_3,Electronics,East,332.0,280.73,4283.4,78,12,0,93202.36
2026-08-16,SKU1015,Apparel_Item_5,Apparel,West,43.0,428.01,141.5,60,16,0,18404.43
2025-06-29,SKU1008,Grocery_Item_3,Grocery,East,61.0,1136.36,,33,11,0,69317.96
2025-06-01,SKU1010,Grocery_Item_5,Grocery,East,198.0,2077.7,126.1,57,7,0,411384.6
2026-05-24,SKU1023,Beauty_Item_3,Beauty,South,120.0,2089.04,168.8,68,10,0,250684.8
2026-01-18,SKU1021,Beauty_Item_1,Beauty,North,340.0,1121.02,1421.4,69,5,0,381146.8
2026-04-05,SKU1019,Home_Item_4,Home & Kitchen,South,193.0,368.31,63.6,48,15,0,71083.83
2024-09-08,SKU1003,Electronics_Item_3,ELECTRONICS,North  ,259.0,280.73,1360.3,78,12,0,72709.07
2025-11-23,SKU1019,Home_Item_4,Home & Kitchen,West,278.0,368.31,1553.0,48,15,0,102390.18
2025-11-09,SKU1019,Home_Item_4,Home & Kitchen,East,234.0,368.31,2078.0,48,15,0,86184.54
2026-02-15,SKU1018,Home_Item_3,Home & Kitchen,North,185.0,1200.41,226.6,31,17,0,222075.85
2025-04-20,SKU1025,Beauty_Item_5,Beauty,East,282.0,1722.11,2028.9,28,14,1,485635.02
2026-04-12,SKU1007,Grocery_Item_2,Grocery,South,285.0,1627.47,,69,10,0,463828.95
2025-11-16,SKU1019,Home_Item_4,Home & Kitchen,West,247.0,368.31,1831.0,48,15,0,90972.57
2024-11-17,SKU1007,Grocery_Item_2,Grocery,North,436.0,1627.47,1632.6,69,10,1,709576.92
2025-04-13,SKU1003,Electronics_Item_3,ELECTRONICS,West  ,191.0,280.73,862.4,78,12,0,53619.43
2026-04-19,SKU1017,Home_Item_2,Home & Kitchen,East,223.0,848.27,777.6,42,19,0,189164.21
2024-10-27,SKU1010,Grocery_Item_5,GROCERY,South,206.0,2077.7,749.7,57,7,0,428006.2
2025-02-23,SKU1023,Beauty_Item_3,Beauty,North,226.0,2089.04,3647.9,68,10,0,472123.04
2025-07-13,SKU1014,Apparel_Item_4,Apparel,South,130.0,1193.47,2345.9,22,11,0,155151.1
2026-04-12,SKU1024,Beauty_Item_4,Beauty,North,72.0,999.32,721.8,37,19,0,71951.04
2026-04-05,SKU1016,Home_Item_1,Home & Kitchen,North,72.0,1874.67,450.3,78,9,0,134976.24
2025-08-31,SKU1006,Grocery_Item_1,Grocery,South,278.0,958.46,1483.3,75,6,0,266451.88
2026-04-05,SKU1022,Beauty_Item_2,Beauty,West,77.0,1765.65,511.1,38,4,0,135955.05
2024-09-22,SKU1003,Electronics_Item_3,Electronics,South,232.0,280.73,873.3,78,12,0,65129.36
2024-12-22,SKU1017,Home_Item_2,Home & Kitchen,East,,848.27,1287.6,42,19,0,293501.42
2026-04-05,SKU1005,Electronics_Item_5,Electronics,North,70.0,363.88,48.1,47,18,0,25471.6
2025-12-21,SKU1010,Grocery_Item_5,Grocery,South,215.0,2077.7,534.0,57,7,0,446705.5
2025-07-20,SKU1016,Home_Item_1,Home & Kitchen,West,60.0,1874.67,305.6,78,9,0,112480.2
2024-12-01,SKU1006,Grocery_Item_1,Grocery,West,359.0,958.46,3978.0,75,6,0,344087.14
2026-05-17,SKU1015,Apparel_Item_5,Apparel,South,27.0,428.01,82.8,60,16,0,11556.27
2025-04-27,SKU1007,Grocery_Item_2,Grocery,East,199.0,1627.47,1273.2,69,10,0,323866.53
2026-02-08,SKU1023,Beauty_Item_3,Beauty,East,166.0,2089.04,662.1,68,10,0,346780.64
2025-10-26,SKU1003,Electronics_Item_3,Electronics,East,289.0,280.73,1003.6,78,12,0,81130.97
2025-12-28,SKU1015,Apparel_Item_5,Apparel,West,101.0,428.01,217.7,60,16,1,43229.01
2025-01-12,SKU1003,Electronics_Item_3,Electronics,North,458.0,280.73,4615.4,78,12,1,128574.34
2026-05-03,SKU1023,Beauty_Item_3,Beauty,North,125.0,2089.04,556.8,68,10,0,261130.0
2025-04-13,SKU1018,Home_Item_3,Home & Kitchen,West,122.0,,,31,17,0,146450.02
2026-07-19,SKU1009,Grocery_Item_4,Grocery,West,162.0,1408.73,1089.3,23,18,0,228214.26
13-10-2024,SKU1021,Beauty_Item_1,Beauty,North,272.0,1121.02,1526.4,69,5,0,304917.44
2025-09-28,SKU1009,Grocery_Item_4,Grocery,South,213.0,1408.73,986.1,23,18,0,300059.49
2025-06-01,SKU1025,Beauty_Item_5,Beauty,East  ,179.0,1722.11,995.9,28,14,0,308257.69
2025-02-02,SKU1022,Beauty_Item_2,Beauty,East,167.0,1765.65,364.7,38,4,1,294863.55
2024-12-22,SKU1008,Grocery_Item_3,Grocery,South,114.0,1136.36,547.0,33,11,0,129545.04
2026-05-03,SKU1010,Grocery_Item_5,Grocery,West,159.0,2077.7,1592.2,57,7,0,330354.3
2025-07-20,SKU1002,Electronics_Item_2,Electronics,East,147.0,2153.56,531.7,61,4,0,316573.32
2026-05-10,SKU1006,Grocery_Item_1,Grocery,West,200.0,958.46,103.0,75,6,0,191692.0
2025-11-23,SKU1009,Grocery_Item_4,Grocery,North,442.0,1408.73,1371.4,23,18,1,622658.66
2025-03-02,SKU1014,Apparel_Item_4,Apparel,South,,1193.47,381.4,22,11,0,224372.36
2025-11-30,SKU1009,Grocery_Item_4,Grocery,North,277.0,1408.73,1094.4,23,18,0,390218.21
2025-11-09,SKU1016,Home_Item_1,Home & Kitchen,West,90.0,1874.67,82.7,78,9,0,168720.3
2025-01-19,SKU1021,Beauty_Item_1,Beauty,South,298.0,1121.02,214.3,69,5,0,334063.96
2025-09-14,SKU1017,Home_Item_2,Home & Kitchen,North,,848.27,220.4,42,19,1,487755.25
15-03-2026,SKU1016,Home_Item_1,Home & Kitchen,South,62.0,1874.67,,78,9,0,116229.54
2024-12-08,SKU1014,Apparel_Item_4,Apparel,South,,1193.47,,22,11,0,216018.07
2026-05-03,SKU1002,Electronics_Item_2,Electronics,West,187.0,2153.56,520.2,61,4,1,402715.72
22-06-2025,SKU1025,Beauty_Item_5,BEAUTY,North,155.0,1722.11,456.9,28,14,0,266927.05
2025-10-12,SKU1023,Beauty_Item_3,Beauty,South,216.0,2089.04,885.6,68,10,0,451232.64
2025-08-31,SKU1007,Grocery_Item_2,Grocery,West,461.0,1627.47,1735.8,69,10,1,750263.67
2024-11-17,SKU1024,Beauty_Item_4,Beauty,North,133.0,,63.5,37,19,0,132909.56
2024-09-22,SKU1019,Home_Item_4,Home & Kitchen,,185.0,368.31,794.9,48,15,0,68137.35
2026-07-12,SKU1008,Grocery_Item_3,Grocery,,753.5019271842464,,365.6,33,11,0,63636.16
2024-12-29,SKU1019,Home_Item_4,Home & Kitchen,East,,368.31,3359.0,48,15,0,86184.54
2025-03-16,SKU1017,Home_Item_2,Home & Kitchen,,450.0,848.27,1070.6,42,19,1,381721.5
2025-10-26,SKU1002,Electronics_Item_2,Electronics,West  ,346.0,2153.56,,61,4,1,745131.76
2026-01-25,SKU1010,Grocery_Item_5,Grocery,South,212.0,2077.7,653.9,57,7,0,440472.4
2024-09-22,SKU1015,Apparel_Item_5,Apparel,West,44.0,428.01,235.0,60,16,0,18832.44
2025-11-16,SKU1021,Beauty_Item_1,Beauty,South,441.0,1121.02,987.9,69,5,0,494369.82
2025-01-05,SKU1015,Apparel_Item_5,Apparel,North,39.0,428.01,611.8,60,16,0,16692.39
2024-11-10,SKU1023,Beauty_Item_3,Beauty,North  ,214.0,2089.04,134.8,68,10,0,447054.56
2025-04-13,SKU1009,Grocery_Item_4,Grocery,West,141.0,1408.73,2884.3,23,18,0,198630.93
2024-12-15,SKU1012,Apparel_Item_2,Apparel,South,63.0,2428.21,295.4,73,11,0,152977.23
2025-09-14,SKU1007,Grocery_Item_2,Grocery,South,277.0,1627.47,1227.8,69,10,0,450809.19
2026-02-22,SKU1013,Apparel_Item_3,Apparel,South,330.0,1957.04,1263.0,31,16,0,645823.2
2024-09-22,SKU1020,Home_Item_5,Home & Kitchen,North,,605.93,,60,13,0,21207.55
2024-10-06,SKU1011,Apparel_Item_1,Apparel,South,159.0,1907.31,106.4,41,15,0,303262.29
2025-03-09,SKU1024,Beauty_Item_4,Beauty,North,107.0,999.32,674.5,37,19,0,106927.24
2025-07-20,SKU1013,Apparel_Item_3,Apparel,West,261.0,1957.04,1008.2,31,16,0,510787.44
2025-06-01,SKU1009,Grocery_Item_4,Grocery,West,169.0,1408.73,1706.3,23,18,0,238075.37
2025-03-02,SKU1018,Home_Item_3,Home & Kitchen,South,156.0,1200.41,958.0,31,17,0,187263.96
2026-03-29,SKU1009,Grocery_Item_4,GROCERY,West,212.0,1408.73,1311.7,23,18,1,298650.76
2026-06-28,SKU1016,Home_Item_1,Home & Kitchen,South,60.0,1874.67,265.6,78,9,0,112480.2
2025-05-18,SKU1023,Beauty_Item_3,Beauty,East,,2089.04,1853.9,68,10,0,271575.2
2025-10-19,SKU1018,Home_Item_3,Home & Kitchen,North,233.0,1200.41,3131.0,31,17,0,279695.53
2026-01-25,SKU1024,Beauty_Item_4,BEAUTY,East,104.0,999.32,531.6,37,19,0,103929.28
2024-09-15,SKU1022,Beauty_Item_2,Beauty,South,99.0,1765.65,2335.2,38,4,0,174799.35
2024-11-03,SKU1008,Grocery_Item_3,Grocery,North,100.0,1136.36,729.5,33,11,0,113636.0
2026-04-26,SKU1002,Electronics_Item_2,Electronics,North,147.0,2153.56,707.2,61,4,0,316573.32
07-06-2026,SKU1014,Apparel_Item_4,Apparel,West,128.0,1193.47,143.2,22,11,0,152764.16
2025-11-02,SKU1015,Apparel_Item_5,Apparel,North,46.0,428.01,666.7,60,16,0,19688.46
2024-12-22,SKU1005,Electronics_Item_5,Electronics,East,72.0,363.88,915.9,47,18,0,26199.36
2026-03-01,SKU1014,Apparel_Item_4,Apparel,East,142.0,1193.47,25.6,22,11,0,169472.74
2024-12-01,SKU1001,Electronics_Item_1,Electronics,East,105.0,1946.19,280.0,46,14,0,204349.95
2025-04-06,SKU1020,Home_Item_5,Home & Kitchen,West,31.0,605.93,128.1,60,13,0,18783.83
2025-07-27,SKU1016,Home_Item_1,Home & Kitchen,East,75.0,1874.67,230.6,78,9,0,140600.25
2026-01-18,SKU1016,Home_Item_1,Home & Kitchen,South,79.0,1874.67,228.1,78,9,0,148098.93
2026-04-19,SKU1022,Beauty_Item_2,Beauty,South,102.0,1765.65,332.1,38,4,1,180096.3
2025-04-06,SKU1011,Apparel_Item_1,Apparel,East,141.0,1907.31,323.5,41,15,0,268930.71
2026-05-24,SKU1015,Apparel_Item_5,Apparel,South,19.0,428.01,63.8,60,16,0,8132.19
2026-07-26,SKU1002,Electronics_Item_2,Electronics,West,116.0,2153.56,2267.3,61,4,0,249812.96
2026-06-21,SKU1014,Apparel_Item_4,Apparel,West,124.0,1193.47,901.6,22,11,0,147990.28
2025-02-23,SKU1007,Grocery_Item_2,Grocery,East  ,235.0,1627.47,443.9,69,10,0,382455.45
2025-10-19,SKU1009,Grocery_Item_4,GROCERY,East,291.0,1408.73,210.1,23,18,0,409940.43
2025-02-23,SKU1022,Beauty_Item_2,Beauty,West  ,94.0,1765.65,54.7,38,4,0,165971.1
12-07-2026,SKU1013,Apparel_Item_3,Apparel,North,277.0,1957.04,496.2,31,16,0,542100.08
2026-02-22,SKU1018,Home_Item_3,HOME & KITCHEN,West  ,133.0,1200.41,93.6,31,17,0,159654.53
22-09-2024,SKU1001,Electronics_Item_1,Electronics,South,95.0,1946.19,309.3,46,14,0,184888.05
2025-09-07,SKU1025,Beauty_Item_5,Beauty,East,289.0,1722.11,2085.2,28,14,0,497689.79
2025-07-13,SKU1024,Beauty_Item_4,Beauty,East,136.0,999.32,2077.3,37,19,1,135907.52
2025-10-19,SKU1004,Electronics_Item_4,Electronics,South,573.0,1914.79,4905.7,67,15,1,1097174.67
2026-04-05,SKU1014,Apparel_Item_4,Apparel,West,200.0,1193.47,274.8,22,11,1,238694.0
2024-10-20,SKU1006,Grocery_Item_1,Grocery,West,289.0,,1121.2,75,6,0,276994.94
2025-12-21,SKU1001,Electronics_Item_1,ELECTRONICS,West,82.0,1946.19,152.7,46,14,0,159587.58
2025-11-30,SKU1006,Grocery_Item_1,GROCERY,West,417.0,958.46,1204.3,75,6,0,399677.82
2025-07-06,SKU1001,Electronics_Item_1,Electronics,West,56.0,1946.19,128.5,46,14,0,108986.64
2025-10-05,SKU1018,Home_Item_3,Home & Kitchen,South,173.0,1200.41,3615.0,31,17,0,207670.93
2024-11-24,SKU1010,Grocery_Item_5,Grocery,South,234.0,2077.7,1088.4,57,7,0,486181.8
2026-07-12,SKU1001,Electronics_Item_1,Electronics,East,59.0,1946.19,100.0,46,14,0,114825.21
2026-05-17,SKU1006,Grocery_Item_1,Grocery,North,210.0,958.46,1626.8,75,6,0,201276.6
2025-02-09,SKU1021,Beauty_Item_1,Beauty,East,315.0,1121.02,4136.3,69,5,0,353121.3
2025-06-01,SKU1002,Electronics_Item_2,Electronics,South,122.0,2153.56,1476.7,61,4,0,262734.32
2026-03-22,SKU1023,Beauty_Item_3,BEAUTY,East  ,183.0,2089.04,455.3,68,10,0,382294.32
2026-01-11,SKU1004,Electronics_Item_4,Electronics,North,476.0,1914.79,2072.8,67,15,0,911440.04
2026-03-22,SKU1025,Beauty_Item_5,Beauty,North  ,257.0,1722.11,4826.2,28,14,0,442582.27
2025-05-04,SKU1019,Home_Item_4,Home & Kitchen,North,197.0,368.31,599.8,48,15,0,72557.07
2026-04-26,SKU1012,Apparel_Item_2,Apparel,North,64.0,2428.21,582.4,73,11,0,155405.44
2026-04-19,SKU1002,Electronics_Item_2,Electronics,West,152.0,2153.56,854.2,61,4,0,327341.12
2026-03-29,SKU1011,Apparel_Item_1,Apparel,North,181.0,1907.31,494.5,41,15,0,345223.11
2025-05-18,SKU1024,Beauty_Item_4,Beauty,East,120.0,0.0,347.6,37,19,1,119918.4
2026-04-12,SKU1015,Apparel_Item_5,Apparel,North,32.0,428.01,,60,16,0,13696.32
2024-09-15,SKU1007,Grocery_Item_2,Grocery,West,265.0,1627.47,848.9,69,10,0,431279.55
2026-01-18,SKU1001,Electronics_Item_1,ELECTRONICS,West,97.0,1946.19,264.4,46,14,0,188780.43
2025-06-15,SKU1014,Apparel_Item_4,Apparel,North,131.0,1193.47,2898.9,22,11,0,156344.57
2026-05-10,SKU1004,Electronics_Item_4,Electronics,South  ,289.0,,1711.9,67,15,0,553374.31
2025-01-05,SKU1022,Beauty_Item_2,Beauty,South,165.0,1765.65,246.2,38,4,1,291332.25
2025-08-31,SKU1010,Grocery_Item_5,Grocery,North,182.0,2077.7,249.5,57,7,0,378141.4
2026-02-22,SKU1025,Beauty_Item_5,Beauty,East,454.0,1722.11,,28,14,1,781837.94
2026-08-09,SKU1015,Apparel_Item_5,APPAREL,South,34.0,428.01,184.5,60,16,0,14552.34
2025-09-21,SKU1015,Apparel_Item_5,Apparel,South,43.0,428.01,106.8,60,16,0,18404.43
2025-06-29,SKU1003,Electronics_Item_3,Electronics,North,270.0,280.73,1321.3,78,12,0,75797.1
02-02-2025,SKU1008,Grocery_Item_3,Grocery,East  ,82.0,1136.36,536.2,33,11,0,93181.52
2025-02-02,SKU1018,Home_Item_3,Home & Kitchen,South,156.0,1200.41,693.5,31,17,0,187263.96
2025-05-04,SKU1010,Grocery_Item_5,Grocery,North,210.0,2077.7,1152.1,57,7,0,436317.0
2025-08-17,SKU1012,Apparel_Item_2,Apparel,,64.0,2428.21,99.1,73,11,0,155405.44
2025-07-13,SKU1019,Home_Item_4,HOME & KITCHEN,East,224.0,368.31,1128.9,48,15,0,82501.44
2026-05-24,SKU1006,Grocery_Item_1,Grocery,South,161.0,958.46,1465.8,75,6,0,154312.06
2025-05-04,SKU1021,Beauty_Item_1,Beauty,North  ,239.0,1121.02,763.3,69,5,0,267923.78
2026-01-04,SKU1003,Electronics_Item_3,ELECTRONICS,East,324.0,0.0,1119.0,78,12,0,90956.52
2025-05-18,SKU1021,Beauty_Item_1,Beauty,North  ,226.0,1121.02,335.3,69,5,0,253350.52
2024-10-27,SKU1019,Home_Item_4,Home & Kitchen,East,198.0,368.31,982.1,48,15,0,72925.38
2026-06-14,SKU1006,Grocery_Item_1,Grocery,West,220.0,958.46,877.8,75,6,0,210861.2
2025-06-15,SKU1007,Grocery_Item_2,Grocery,South,,1627.47,1128.8,69,10,0,302709.42
2026-04-05,SKU1020,Home_Item_5,Home & Kitchen,West,39.0,605.93,447.2,60,13,0,23631.27
22-02-2026,SKU1023,Beauty_Item_3,Beauty,West,305.0,2089.04,143.1,68,10,1,637157.2
2025-08-31,SKU1001,Electronics_Item_1,Electronics,South,108.0,1946.19,72.3,46,14,1,210188.52
2024-12-15,SKU1013,Apparel_Item_3,Apparel,East,309.0,1957.04,1840.6,31,16,0,604725.36
2026-03-29,SKU1003,Electronics_Item_3,Electronics,East,289.0,280.73,1151.3,78,12,0,81130.97
2025-07-20,SKU1012,Apparel_Item_2,Apparel,North,75.0,2428.21,391.1,73,11,0,182115.75
2026-03-15,SKU1023,Beauty_Item_3,Beauty,North,113.0,2089.04,638.3,68,10,0,236061.52
2025-08-31,SKU1004,Electronics_Item_4,Electronics,North,392.0,1914.79,163.2,67,15,0,750597.68
2026-06-07,SKU1005,Electronics_Item_5,Electronics,South,38.0,363.88,282.3,47,18,0,13827.44
2025-01-19,SKU1025,Beauty_Item_5,Beauty,West,289.0,1722.11,5438.9,28,14,0,497689.79
2026-05-03,SKU1003,Electronics_Item_3,Electronics,North,,280.73,1424.2,78,12,0,65129.36
2026-03-22,SKU1016,Home_Item_1,Home & Kitchen,East,69.0,1874.67,,78,9,0,129352.23
12-10-2025,SKU1012,Apparel_Item_2,Apparel,East,85.0,2428.21,1065.7,73,11,0,206397.85
2024-10-27,SKU1005,Electronics_Item_5,Electronics,West,78.0,363.88,242.1,47,18,0,28382.64
2025-10-05,SKU1023,Beauty_Item_3,Beauty,West,192.0,2089.04,1101.6,68,10,0,401095.68
2025-02-16,SKU1001,Electronics_Item_1,Electronics,North,91.0,1946.19,1468.5,46,14,0,177103.29
2025-07-20,SKU1001,Electronics_Item_1,Electronics,South,69.0,1946.19,545.3,46,14,0,134287.11
2025-01-05,SKU1019,Home_Item_4,Home & Kitchen,South,254.0,368.31,3105.0,48,15,0,93550.74
2024-10-13,SKU1006,Grocery_Item_1,Grocery,North,321.0,958.46,1410.2,75,6,0,307665.66
2024-09-08,SKU1013,Apparel_Item_3,Apparel,West,240.0,1957.04,1271.1,31,16,0,469689.6
2025-12-28,SKU1019,Home_Item_4,Home & Kitchen,West,243.0,368.31,110.0,48,15,0,89499.33
2026-05-10,SKU1024,Beauty_Item_4,Beauty,East,,999.32,371.8,37,19,1,108925.88
2024-12-08,SKU1022,Beauty_Item_2,Beauty,North,,1765.65,794.2,38,4,0,257784.9
2025-07-27,SKU1003,Electronics_Item_3,Electronics,East,306.0,280.73,299.3,78,12,0,85903.38
2026-06-28,SKU1005,Electronics_Item_5,Electronics,North,41.0,363.88,121.3,47,18,0,14919.08
2026-04-19,SKU1007,Grocery_Item_2,Grocery,North  ,188.0,1627.47,459.1,69,10,0,305964.36
2026-07-26,SKU1013,Apparel_Item_3,Apparel,West,304.0,,5200.0,31,16,0,594940.16
2024-12-29,SKU1001,Electronics_Item_1,Electronics,East,94.0,1946.19,456.7,46,14,0,182941.86
2025-11-02,SKU1014,Apparel_Item_4,Apparel,East,227.0,1193.47,438.2,22,11,0,270917.69
2024-10-20,SKU1023,Beauty_Item_3,Beauty,South  ,212.0,2089.04,812.8,68,10,0,442876.48
2026-01-04,SKU1009,Grocery_Item_4,Grocery,West,289.0,1408.73,1221.8,23,18,0,407122.97
15-09-2024,SKU1021,Beauty_Item_1,Beauty,North,302.0,1121.02,1022.6,69,5,0,338548.04
2024-12-08,SKU1021,Beauty_Item_1,Beauty,East,374.0,1121.02,199.4,69,5,0,419261.48
2024-12-15,SKU1008,Grocery_Item_3,Grocery,South,100.0,1136.36,43.5,33,11,0,113636.0
2026-06-21,SKU1025,Beauty_Item_5,Beauty,East,173.0,1722.11,2378.2,28,14,0,297925.03
2026-06-28,SKU1012,Apparel_Item_2,Apparel,South,70.0,2428.21,320.3,73,11,0,169974.7
2025-01-19,SKU1011,Apparel_Item_1,Apparel,East,174.0,1907.31,200.9,41,15,0,331871.94
2026-01-11,SKU1006,Grocery_Item_1,Grocery,West,373.0,958.46,373.4,75,6,0,357505.58
2025-06-15,SKU1016,Home_Item_1,Home & Kitchen,West,62.0,1874.67,594.6,78,9,0,116229.54
2026-07-19,SKU1011,Apparel_Item_1,Apparel,South,,1907.31,870.9,41,15,0,295633.05
17-11-2024,SKU1009,Grocery_Item_4,Grocery,South,229.0,1408.73,1136.7,23,18,0,322599.17
2025-12-14,SKU1020,Home_Item_5,Home & Kitchen,North,42.0,,202.4,60,13,0,25449.06
2025-03-23,SKU1025,Beauty_Item_5,Beauty,East,198.0,1722.11,3050.9,28,14,0,340977.78
2026-06-21,SKU1017,Home_Item_2,Home & Kitchen,North,278.0,848.27,4631.6,42,19,0,235819.06
2024-11-10,SKU1011,Apparel_Item_1,Apparel,North,251.0,1907.31,112.6,41,15,1,478734.81
2025-06-22,SKU1008,Grocery_Item_3,GROCERY,,45.0,1136.36,156.2,33,11,0,51136.2
2025-06-15,SKU1022,Beauty_Item_2,Beauty,South,59.0,1765.65,,38,4,0,104173.35
2025-03-23,SKU1005,Electronics_Item_5,Electronics,North,69.0,363.88,105.9,47,18,1,25107.72
2025-01-12,SKU1014,Apparel_Item_4,Apparel,North,199.0,1193.47,629.8,22,11,0,237500.53
2026-07-12,SKU1002,Electronics_Item_2,Electronics,East,209.0,2153.56,2565.3,61,4,1,450094.04
2025-09-14,SKU1005,Electronics_Item_5,Electronics,West,68.0,363.88,876.9,47,18,0,24743.84
2026-06-21,SKU1012,Apparel_Item_2,Apparel,South,95.0,2428.21,,73,11,1,230679.95
2025-08-10,SKU1014,Apparel_Item_4,Apparel,East,144.0,1193.47,1803.9,22,11,0,171859.68
2024-10-20,SKU1013,Apparel_Item_3,Apparel,South,229.0,1957.04,4108.6,31,16,0,448162.16
2026-04-19,SKU1023,Beauty_Item_3,Beauty,West,145.0,2089.04,838.8,68,10,0,302910.8
2024-10-13,SKU1025,Beauty_Item_5,Beauty,North,328.0,1722.11,1221.3,28,14,0,564852.08
2026-05-17,SKU1018,Home_Item_3,Home & Kitchen,North,153.0,1200.41,298.4,31,17,0,183662.73
2024-09-01,SKU1002,Electronics_Item_2,Electronics,North,159.0,2153.56,84.0,61,4,0,342416.04
2025-12-14,SKU1003,Electronics_Item_3,Electronics,East,352.0,280.73,645.4,78,12,0,98816.96
2025-03-23,SKU1011,Apparel_Item_1,Apparel,South,129.0,1907.31,620.5,41,15,0,246042.99
2025-11-16,SKU1017,Home_Item_2,Home & Kitchen,North,436.0,848.27,520.6,42,19,0,369845.72
2025-12-07,SKU1022,Beauty_Item_2,Beauty,North,140.0,1765.65,618.2,38,4,0,247191.0
2024-12-29,SKU1018,Home_Item_3,Home & Kitchen,West,243.0,1200.41,603.6,31,17,0,291699.63
2025-01-19,SKU1022,Beauty_Item_2,Beauty,West,120.0,1765.65,,38,4,0,211878.0
2025-05-25,SKU1010,Grocery_Item_5,Grocery,North,165.0,2077.7,324.1,57,7,0,342820.5
2026-01-18,SKU1025,Beauty_Item_5,Beauty,West,340.0,1722.11,1453.1,28,14,0,585517.4
2025-08-31,SKU1015,Apparel_Item_5,Apparel,North,46.0,428.01,231.8,60,16,0,19688.46
2026-07-12,SKU1018,Home_Item_3,Home & Kitchen,South,162.0,1200.41,412.0,31,17,0,194466.42
2025-04-13,SKU1006,Grocery_Item_1,Grocery,North,243.0,,996.9,75,6,0,232905.78
2025-01-12,SKU1023,Beauty_Item_3,Beauty,West,189.0,2089.04,96.9,68,10,0,394828.56
2026-05-17,SKU1019,Home_Item_4,Home & Kitchen,East,285.0,368.31,319.9,48,15,1,104968.35
2025-01-12,SKU1022,Beauty_Item_2,Beauty,West,,1765.65,117.2,38,4,0,227768.85
2026-08-09,SKU1008,Grocery_Item_3,GROCERY,North,69.0,1136.36,84.6,33,11,0,78408.84
2026-03-29,SKU1015,Apparel_Item_5,Apparel,East,35.0,428.01,278.8,60,16,0,14980.35
2025-12-14,SKU1021,Beauty_Item_1,Beauty,South,348.0,1121.02,1385.8,69,5,0,390114.96
2025-06-15,SKU1009,Grocery_Item_4,Grocery,South,191.0,1408.73,1310.3,23,18,0,269067.43
2025-04-13,SKU1022,Beauty_Item_2,Beauty,West,66.0,1765.65,166.4,38,4,0,116532.9
2024-12-15,SKU1018,Home_Item_3,Home & Kitchen,East,249.0,1200.41,91.7,31,17,0,298902.09
2025-07-13,SKU1013,Apparel_Item_3,Apparel,East,267.0,1957.04,1269.2,31,16,0,522529.68
2025-03-23,SKU1020,Home_Item_5,Home & Kitchen,East,39.0,605.93,189.1,60,13,0,23631.27
2026-03-29,SKU1025,Beauty_Item_5,Beauty,North,234.0,1722.11,4592.2,28,14,0,402973.74
2025-07-06,SKU1004,Electronics_Item_4,Electronics,South  ,245.0,1914.79,,67,15,0,469123.55
2026-07-26,SKU1011,Apparel_Item_1,Apparel,East,121.0,1907.31,749.9,41,15,0,230784.51
2025-12-21,SKU1014,Apparel_Item_4,Apparel,East  ,195.0,1193.47,925.6,22,11,0,232726.65
2024-11-03,SKU1014,Apparel_Item_4,Apparel,West,196.0,1193.47,551.1,22,11,0,233920.12
2026-02-15,SKU1023,Beauty_Item_3,Beauty,North,214.0,2089.04,448.1,68,10,0,447054.56
2026-02-15,SKU1025,Beauty_Item_5,Beauty,South,330.0,,110.1,28,14,0,568296.3
2026-08-02,SKU1016,Home_Item_1,Home & Kitchen,East,64.0,1874.67,524.0,78,9,0,119978.88
2026-03-29,SKU1006,Grocery_Item_1,Grocery,West,292.0,958.46,1544.0,75,6,0,279870.32
2026-07-19,SKU1005,Electronics_Item_5,Electronics,South,57.0,363.88,365.3,47,18,0,20741.16
2025-10-19,SKU1007,Grocery_Item_2,GROCERY,South,207.0,1627.47,1368.8,69,10,0,336886.29
2025-12-14,SKU1025,Beauty_Item_5,BEAUTY,West,369.0,1722.11,1469.5,28,14,0,635458.59
2026-01-18,SKU1011,Apparel_Item_1,Apparel,East,203.0,1907.31,516.5,41,15,0,387183.93
2024-09-08,SKU1022,Beauty_Item_2,Beauty,West,97.0,1765.65,2434.2,38,4,0,171268.05
2026-02-15,SKU1024,Beauty_Item_4,Beauty,East,93.0,999.32,229.6,37,19,0,92936.76
2026-07-26,SKU1009,Grocery_Item_4,Grocery,South,242.0,1408.73,847.3,23,18,0,340912.66
2026-04-05,SKU1002,Electronics_Item_2,Electronics,West,137.0,2153.56,88.9,61,4,0,295037.72
2025-03-16,SKU1016,Home_Item_1,Home & Kitchen,North,72.0,1874.67,536.2,78,9,0,134976.24
2024-11-24,SKU1025,Beauty_Item_5,Beauty,West,294.0,1722.11,857.9,28,14,0,506300.34
2025-08-03,SKU1007,Grocery_Item_2,Grocery,North,256.0,1627.47,1201.7,69,10,0,416632.32
2026-02-22,SKU1007,Grocery_Item_2,Grocery,South,404.0,1627.47,2564.1,69,10,1,657497.88
2025-12-21,SKU1005,Electronics_Item_5,Electronics,East,,363.88,72.2,47,18,0,30202.04
2025-08-24,SKU1023,Beauty_Item_3,Beauty,South,204.0,2089.04,1137.7,68,10,0,426164.16
2024-12-01,SKU1011,Apparel_Item_1,Apparel,North,193.0,1907.31,456.8,41,15,0,368110.83
2024-11-24,SKU1012,Apparel_Item_2,Apparel,North,76.0,2428.21,74.2,73,11,0,184543.96
2026-06-28,SKU1009,Grocery_Item_4,Grocery,North  ,164.0,1408.73,299.4,23,18,0,231031.72
2026-05-10,SKU1008,Grocery_Item_3,Grocery,North,67.0,1136.36,485.8,33,11,0,76136.12
2025-04-20,SKU1022,Beauty_Item_2,Beauty,East,89.0,1765.65,77.4,38,4,0,157142.85
2026-02-15,SKU1019,Home_Item_4,Home & Kitchen,North  ,165.0,368.31,144.1,48,15,0,60771.15
2026-07-12,SKU1011,Apparel_Item_1,Apparel,East,157.0,1907.31,1025.9,41,15,0,299447.67
2024-09-15,SKU1023,Beauty_Item_3,Beauty,North,224.0,2089.04,673.4,68,10,0,467944.96
07-06-2026,SKU1012,Apparel_Item_2,Apparel,East,109.0,2428.21,99.4,73,11,1,264674.89
2025-11-09,SKU1010,Grocery_Item_5,Grocery,West,228.0,2077.7,497.6,57,7,0,473715.6
2025-04-20,SKU1003,Electronics_Item_3,Electronics,North,261.0,280.73,601.4,78,12,0,73270.53
15-09-2024,SKU1008,Grocery_Item_3,Grocery,East,78.0,1136.36,1388.5,33,11,0,88636.08
2025-03-16,SKU1023,Beauty_Item_3,BEAUTY,East,149.0,2089.04,3181.9,68,10,0,311266.96
2025-03-02,SKU1011,Apparel_Item_1,Apparel,East,167.0,1907.31,127.0,41,15,0,318520.77
2024-12-01,SKU1013,Apparel_Item_3,Apparel,North,276.0,1957.04,2432.6,31,16,0,540143.04
2025-10-26,SKU1014,Apparel_Item_4,Apparel,North,210.0,1193.47,665.2,22,11,0,250628.7
2025-11-02,SKU1011,Apparel_Item_1,Apparel,West,255.0,1907.31,109.2,41,15,1,486364.05
2025-01-12,SKU1012,Apparel_Item_2,Apparel,East,84.0,2428.21,399.5,73,11,0,203969.64
2024-10-06,SKU1013,Apparel_Item_3,Apparel,North,337.0,1957.04,62.1,31,16,0,659522.48
2025-10-05,SKU1014,Apparel_Item_4,Apparel,East,192.0,1193.47,274.9,22,11,0,229146.24
2025-02-02,SKU1015,Apparel_Item_5,Apparel,West,40.0,428.01,395.8,60,16,0,17120.4
2026-05-17,SKU1008,Grocery_Item_3,Grocery,East,53.0,1136.36,432.8,33,11,0,60227.08
2025-02-16,SKU1007,Grocery_Item_2,Grocery,East,234.0,1627.47,678.9,69,10,0,380827.98
2026-06-28,SKU1020,Home_Item_5,HOME & KITCHEN,South,33.0,605.93,264.6,60,13,0,19995.69
2026-07-12,SKU1014,Apparel_Item_4,Apparel,West,152.0,1193.47,485.6,22,11,0,181407.44
2025-12-14,SKU1002,Electronics_Item_2,ELECTRONICS,North,276.0,2153.56,237.3,61,4,0,594382.56
2025-05-25,SKU1013,Apparel_Item_3,Apparel,West,207.0,1957.04,1568.7,31,16,0,405107.28
2024-11-10,SKU1021,Beauty_Item_1,Beauty,West,429.0,1121.02,1623.4,69,5,0,480917.58
2026-03-29,SKU1016,Home_Item_1,HOME & KITCHEN,East,79.0,1874.67,,78,9,0,148098.93
2026-02-15,SKU1022,Beauty_Item_2,BEAUTY,West,124.0,1765.65,498.7,38,4,0,218940.6
2025-06-01,SKU1019,Home_Item_4,Home & Kitchen,East,188.0,368.31,922.7,48,15,0,69242.28
2025-03-09,SKU1016,Home_Item_1,Home & Kitchen,East,74.0,1874.67,608.2,78,9,0,138725.58
2024-09-22,SKU1012,Apparel_Item_2,Apparel,North,66.0,2428.21,406.4,73,11,0,160261.86
2025-05-25,SKU1002,Electronics_Item_2,ELECTRONICS,East,150.0,2153.56,1598.7,61,4,0,323034.0
11-01-2026,SKU1014,Apparel_Item_4,APPAREL,,202.0,1193.47,342.6,22,11,0,241080.94
2025-02-02,SKU1011,Apparel_Item_1,Apparel,North,182.0,1907.31,798.0,41,15,0,347130.42
2025-03-09,SKU1004,Electronics_Item_4,Electronics,,301.0,1914.79,1545.9,67,15,0,576351.79
2025-08-17,SKU1021,Beauty_Item_1,Beauty,North,272.0,1121.02,304.7,69,5,0,304917.44
2026-06-07,SKU1016,Home_Item_1,Home & Kitchen,South,35.0,1874.67,439.6,78,9,0,65613.45
2026-04-05,SKU1005,Electronics_Item_5,Electronics,North,70.0,363.88,48.1,47,18,0,25471.6
2026-07-12,SKU1007,Grocery_Item_2,Grocery,West,228.0,0.0,432.0,69,10,0,371063.16
2025-02-23,SKU1018,Home_Item_3,Home & Kitchen,South,166.0,1200.41,145.5,31,17,0,199268.06
2024-10-06,SKU1010,Grocery_Item_5,Grocery,East,250.0,2077.7,117.4,57,7,0,519425.0
2025-04-06,SKU1014,Apparel_Item_4,Apparel,West,133.0,1193.47,877.1,22,11,0,158731.51
2025-01-19,SKU1017,Home_Item_2,Home & Kitchen,West,388.0,848.27,1862.9,42,19,0,329128.76
2026-07-05,SKU1021,Beauty_Item_1,Beauty,South,220.0,1121.02,1330.5,69,5,0,246624.4
2025-09-14,SKU1021,Beauty_Item_1,BEAUTY,West,374.0,1121.02,707.7,69,5,0,419261.48
2025-12-28,SKU1003,Electronics_Item_3,Electronics,West,479.0,280.73,1443.0,78,12,0,134469.67
2026-05-10,SKU1014,Apparel_Item_4,APPAREL,West,181.0,1193.47,632.2,22,11,1,216018.07
2024-10-27,SKU1003,Electronics_Item_3,Electronics,West,275.0,280.73,903.5,78,12,0,77200.75
2025-08-10,SKU1006,Grocery_Item_1,Grocery,West,226.0,958.46,980.3,75,6,0,216611.96
2024-11-03,SKU1004,Electronics_Item_4,Electronics,South,410.0,1914.79,84.2,67,15,0,785063.9
2024-09-08,SKU1005,Electronics_Item_5,Electronics,South,57.0,363.88,52.7,47,18,0,20741.16
2025-08-31,SKU1016,Home_Item_1,Home & Kitchen,South,93.0,1874.67,,78,9,0,174344.31
2025-12-07,SKU1020,Home_Item_5,Home & Kitchen,South,42.0,605.93,244.4,60,13,0,25449.06
2026-05-17,SKU1012,Apparel_Item_2,Apparel,South,64.0,2428.21,374.4,73,11,0,155405.44
2025-11-23,SKU1008,Grocery_Item_3,Grocery,South,120.0,1136.36,81.6,33,11,0,136363.2
2026-07-19,SKU1017,Home_Item_2,Home & Kitchen,North,237.0,848.27,3699.6,42,19,0,201039.99
2026-04-12,SKU1022,Beauty_Item_2,Beauty,South,77.0,1765.65,434.1,38,4,0,135955.05
23-02-2025,SKU1015,Apparel_Item_5,Apparel,North,41.0,428.01,227.8,60,16,0,17548.41
2025-06-15,SKU1010,Grocery_Item_5,GROCERY,South,186.0,2077.7,990.4,57,7,0,386452.2
2025-12-14,SKU1008,Grocery_Item_3,GROCERY,West,105.0,1136.36,341.9,33,11,0,119317.8
2025-03-30,SKU1020,Home_Item_5,Home & Kitchen,South,30.0,605.93,159.1,60,13,0,18177.9
2025-08-31,SKU1024,Beauty_Item_4,Beauty,East,111.0,999.32,1340.3,37,19,0,110924.52
2025-06-22,SKU1022,Beauty_Item_2,BEAUTY,East  ,80.0,1765.65,81.9,38,4,0,141252.0
2026-06-07,SKU1009,Grocery_Item_4,Grocery,East,187.0,1408.73,807.4,23,18,0,263432.51
2024-09-15,SKU1020,Home_Item_5,Home & Kitchen,East,38.0,605.93,166.5,60,13,0,23025.34
2025-06-22,SKU1015,Apparel_Item_5,Apparel,South,32.0,428.01,91.3,60,16,0,13696.32
2026-01-04,SKU1002,Electronics_Item_2,Electronics,South,360.0,2153.56,376.2,61,4,1,775281.6
2025-11-02,SKU1013,Apparel_Item_3,Apparel,West,377.0,1957.04,338.7,31,16,0,737804.08
2025-12-07,SKU1004,Electronics_Item_4,Electronics,East,448.0,1914.79,2044.7,67,15,0,857825.92
2026-02-22,SKU1016,Home_Item_1,Home & Kitchen,North,85.0,1874.67,383.2,78,9,0,159346.95
2025-01-05,SKU1024,Beauty_Item_4,Beauty,East,134.0,999.32,402.2,37,19,0,133908.88
2024-09-22,SKU1009,Grocery_Item_4,Grocery,North,221.0,1408.73,415.5,23,18,0,311329.33
2025-06-22,SKU1004,Electronics_Item_4,ELECTRONICS,North,220.0,1914.79,1035.1,67,15,0,421253.8
21-12-2025,SKU1002,Electronics_Item_2,Electronics,West,181.0,2153.56,995.2,61,4,0,389794.36
2025-01-12,SKU1002,Electronics_Item_2,Electronics,North  ,217.0,2153.56,571.4,61,4,0,467322.52
09-08-2026,SKU1011,Apparel_Item_1,Apparel,,142.0,1907.31,384.9,41,15,0,270838.02
2024-09-08,SKU1012,Apparel_Item_2,Apparel,West,70.0,2428.21,198.3,73,11,0,169974.7
2026-03-01,SKU1022,Beauty_Item_2,Beauty,West  ,94.0,1765.65,286.7,38,4,0,165971.1
2024-09-29,SKU1025,Beauty_Item_5,Beauty,East,249.0,1722.11,185.1,28,14,0,428805.39
2026-08-23,SKU1024,Beauty_Item_4,Beauty,North,89.0,999.32,600.7,37,19,0,88939.48
2025-03-30,SKU1008,Grocery_Item_3,Grocery,East,65.0,1136.36,452.2,33,11,0,73863.4
2026-08-02,SKU1013,Apparel_Item_3,Apparel,West  ,,1957.04,4939.0,31,16,0,510787.44
06-07-2025,SKU1003,Electronics_Item_3,Electronics,North,236.0,280.73,,78,12,0,66252.28
2025-10-19,SKU1024,Beauty_Item_4,Beauty,North,199.0,999.32,414.3,37,19,1,198864.68
2024-12-01,SKU1024,Beauty_Item_4,Beauty,South,120.0,999.32,459.6,37,19,0,119918.4
2026-05-24,SKU1024,Beauty_Item_4,Beauty,North,77.0,999.32,,37,19,0,76947.64
2026-02-08,SKU1008,Grocery_Item_3,Grocery,East,96.0,1136.36,1414.8,33,11,0,109090.56
2026-05-10,SKU1016,Home_Item_1,Home & Kitchen,West,57.0,1874.67,146.3,78,9,0,106856.19
2026-03-29,SKU1020,Home_Item_5,Home & Kitchen,South,32.0,605.93,486.2,60,13,0,19389.76
2025-02-02,SKU1021,Beauty_Item_1,Beauty,West,384.0,1121.02,4451.3,69,5,0,430471.68
2026-03-08,SKU1012,Apparel_Item_2,Apparel,North,79.0,2428.21,1075.4,73,11,0,191828.59
2026-06-28,SKU1010,Grocery_Item_5,GROCERY,,160.0,2077.7,67.2,57,7,0,332432.0
2024-12-15,SKU1020,Home_Item_5,Home & Kitchen,North  ,52.0,605.93,192.3,60,13,0,31508.36
2024-11-10,SKU1024,Beauty_Item_4,Beauty,East  ,,999.32,196.5,37,19,0,138905.48
2024-09-29,SKU1022,Beauty_Item_2,Beauty,North,108.0,1765.65,2116.2,38,4,0,190690.2
2024-09-15,SKU1001,Electronics_Item_1,Electronics,East,72.0,1946.19,404.3,46,14,0,140125.68
2025-09-14,SKU1010,Grocery_Item_5,Grocery,West,194.0,2077.7,1141.9,57,7,0,403073.8
2025-01-05,SKU1007,Grocery_Item_2,Grocery,East,299.0,1627.47,1008.5,69,10,0,486613.53
2026-02-01,SKU1009,Grocery_Item_4,Grocery,South,222.0,1408.73,269.8,23,18,0,312738.06
2025-05-11,SKU1016,Home_Item_1,Home & Kitchen,North,53.0,1874.67,437.7,78,9,0,99357.51
2026-08-09,SKU1002,Electronics_Item_2,Electronics,West,172.0,2153.56,1932.3,61,4,0,370412.32
2024-12-22,SKU1022,Beauty_Item_2,Beauty,North,122.0,1765.65,528.2,38,4,0,215409.3
2026-01-18,SKU1008,Grocery_Item_3,Grocery,West  ,113.0,1136.36,1706.8,33,11,0,128408.68
2025-09-28,SKU1013,Apparel_Item_3,Apparel,South,295.0,1957.04,61.3,31,16,0,577326.8
2024-12-08,SKU1020,Home_Item_5,Home & Kitchen,East,42.0,605.93,244.3,60,13,0,25449.06
2025-08-03,SKU1022,Beauty_Item_2,Beauty,West,85.0,1765.65,65.5,38,4,0,150080.25
2025-02-16,SKU1016,Home_Item_1,Home & Kitchen,North,85.0,1874.67,858.2,78,9,0,159346.95
2025-09-28,SKU1022,Beauty_Item_2,BEAUTY,East,109.0,1765.65,1884.2,38,4,1,192455.85
2024-09-29,SKU1018,Home_Item_3,Home & Kitchen,West,,1200.41,190.2,31,17,0,193266.01
2025-12-28,SKU1008,Grocery_Item_3,Grocery,West,95.0,1136.36,126.9,33,11,0,107954.2
2025-03-23,SKU1017,Home_Item_2,Home & Kitchen,East,282.0,848.27,788.6,42,19,0,239212.14
08-02-2026,SKU1024,Beauty_Item_4,Beauty,North,100.0,999.32,322.6,37,19,0,99932.0
2025-06-15,SKU1006,Grocery_Item_1,Grocery,West,191.0,958.46,1052.9,75,6,0,183065.86
2025-03-16,SKU1025,Beauty_Item_5,Beauty,North,227.0,1722.11,3248.9,28,14,0,390918.97
2026-06-14,SKU1019,Home_Item_4,Home & Kitchen,East,215.0,368.31,829.9,48,15,0,79186.65
2026-02-01,SKU1024,Beauty_Item_4,BEAUTY,West,109.0,999.32,422.6,37,19,0,108925.88
2025-01-12,SKU1009,Grocery_Item_4,Grocery,East,,,370.8,23,18,0,339503.93
2026-05-03,SKU1015,Apparel_Item_5,APPAREL,South,26.0,428.01,133.8,60,16,0,11128.26
2025-05-25,SKU1005,Electronics_Item_5,Electronics,West,48.0,363.88,231.4,47,18,0,17466.24
2025-06-15,SKU1012,Apparel_Item_2,Apparel,West,76.0,2428.21,726.1,73,11,0,184543.96
2026-04-05,SKU1010,Grocery_Item_5,Grocery,West,214.0,2077.7,2355.2,57,7,0,444627.8
2025-02-16,SKU1012,Apparel_Item_2,Apparel,West,140.0,2428.21,461.0,73,11,1,339949.4
2026-07-05,SKU1009,Grocery_Item_4,Grocery,South,356.0,1408.73,1419.3,23,18,1,501507.88
2025-03-16,SKU1001,Electronics_Item_1,Electronics,South,77.0,1946.19,1094.5,46,14,0,149856.63
2026-06-28,SKU1015,Apparel_Item_5,Apparel,South,27.0,428.01,177.5,60,16,0,11556.27
2025-08-31,SKU1014,Apparel_Item_4,Apparel,West,152.0,1193.47,1322.9,22,11,0,181407.44
2025-12-28,SKU1004,Electronics_Item_4,Electronics,South,438.0,1914.79,825.7,67,15,0,838678.02
2025-02-16,SKU1019,Home_Item_4,Home & Kitchen,South,217.0,368.31,1558.0,48,15,0,79923.27
2025-03-09,SKU1012,Apparel_Item_2,Apparel,East,79.0,2428.21,205.0,73,11,0,191828.59
2026-03-08,SKU1009,Grocery_Item_4,Grocery,East,,1408.73,507.1,23,18,0,229622.99
2025-09-21,SKU1007,Grocery_Item_2,Grocery,South,288.0,1627.47,939.8,69,10,0,468711.36
2025-05-25,SKU1022,Beauty_Item_2,Beauty,East,77.0,1765.65,351.9,38,4,0,135955.05
2025-06-29,SKU1013,Apparel_Item_3,APPAREL,South,249.0,1957.04,400.7,31,16,0,487302.96
19-10-2025,SKU1011,Apparel_Item_1,Apparel,South,230.0,1907.31,549.2,41,15,0,438681.3
2025-05-04,SKU1025,Beauty_Item_5,Beauty,East,161.0,1722.11,1699.9,28,14,0,277259.71
15-09-2024,SKU1009,Grocery_Item_4,GROCERY,South,,1408.73,636.5,23,18,0,350773.77
2024-10-06,SKU1017,Home_Item_2,Home & Kitchen,East,312.0,848.27,194.9,42,19,0,264660.24
2026-04-12,SKU1014,Apparel_Item_4,Apparel,West,124.0,1193.47,150.8,22,11,0,147990.28
2025-06-01,SKU1008,Grocery_Item_3,Grocery,West,92.0,,310.2,33,11,1,104545.12
2026-03-01,SKU1020,Home_Item_5,Home & Kitchen,North,26.0,605.93,617.2,60,13,0,15754.18
2025-02-16,SKU1017,Home_Item_2,Home & Kitchen,West,350.0,848.27,569.9,42,19,0,296894.5
2024-09-15,SKU1013,Apparel_Item_3,Apparel,North,302.0,1957.04,969.1,31,16,0,591026.08
2026-07-19,SKU1001,Electronics_Item_1,ELECTRONICS,East,46.0,1946.19,54.0,46,14,0,89524.74
2025-10-26,SKU1008,Grocery_Item_3,Grocery,South,165.0,1136.36,80.9,33,11,1,187499.4
2026-01-25,SKU1021,Beauty_Item_1,Beauty,West,383.0,1121.02,1038.4,69,5,0,429350.66
2025-09-21,SKU1017,Home_Item_2,Home & Kitchen,East,,,1575.5,42,19,0,361363.02
2025-03-16,SKU1008,Grocery_Item_3,GROCERY,East,67.0,1136.36,577.2,33,11,0,76136.12
2024-12-15,SKU1010,Grocery_Item_5,Grocery,East,228.0,2077.7,418.4,57,7,0,473715.6
2025-04-20,SKU1008,Grocery_Item_3,Grocery,West,45.0,1136.36,240.2,33,11,0,51136.2
2024-12-08,SKU1002,Electronics_Item_2,Electronics,North,,2153.56,698.0,61,4,0,538390.0
2026-08-16,SKU1002,Electronics_Item_2,Electronics,East,162.0,2153.56,1770.3,61,4,0,348876.72
2026-03-15,SKU1021,Beauty_Item_1,Beauty,North,264.0,1121.02,540.5,69,5,0,295949.28
2026-03-15,SKU1025,Beauty_Item_5,Beauty,East,178.0,1722.11,5083.2,28,14,0,306535.58
2024-12-01,SKU1019,Home_Item_4,Home & Kitchen,South  ,271.0,368.31,4370.0,48,15,0,99812.01
2026-07-05,SKU1003,Electronics_Item_3,Electronics,North,249.0,280.73,869.8,78,12,0,69901.77
2026-07-26,SKU1008,Grocery_Item_3,GROCERY,North,72.0,1136.36,229.6,33,11,0,81817.92
31-05-2026,SKU1020,Home_Item_5,Home & Kitchen,North  ,31.0,605.93,169.2,60,13,0,18783.83
2026-03-29,SKU1024,Beauty_Item_4,Beauty,North,108.0,999.32,179.8,37,19,0,107926.56
2024-12-08,SKU1008,Grocery_Item_3,Grocery,South,92.0,1136.36,143.5,33,11,0,104545.12
2025-06-22,SKU1020,Home_Item_5,Home & Kitchen,West,34.0,605.93,619.2,60,13,0,20601.62
2025-11-30,SKU1014,Apparel_Item_4,Apparel,East,228.0,1193.47,565.3,22,11,0,272111.16
2025-09-14,SKU1014,Apparel_Item_4,Apparel,East,281.0,1193.47,876.9,22,11,1,335365.07
2026-03-08,SKU1020,Home_Item_5,HOME & KITCHEN,East,27.0,605.93,590.2,60,13,0,16360.11
2024-11-03,SKU1009,Grocery_Item_4,Grocery,South,249.0,1408.73,340.4,23,18,0,350773.77
2024-10-20,SKU1024,Beauty_Item_4,Beauty,North,110.0,999.32,556.5,37,19,0,109925.2
2025-03-30,SKU1011,Apparel_Item_1,Apparel,North,156.0,1907.31,464.5,41,15,0,297540.36
2024-10-20,SKU1005,Electronics_Item_5,Electronics,East,67.0,363.88,320.1,47,18,0,24379.96
26-04-2026,SKU1013,Apparel_Item_3,Apparel,East,247.0,1957.04,255.6,31,16,0,483388.88
2024-12-08,SKU1016,Home_Item_1,Home & Kitchen,North,72.0,1874.67,1861.2,78,9,0,134976.24
2025-04-27,SKU1005,Electronics_Item_5,Electronics,West,47.0,,153.5,47,18,0,17102.36
2025-05-04,SKU1014,Apparel_Item_4,Apparel,South,123.0,1193.47,339.1,22,11,0,146796.81
2025-03-16,SKU1010,Grocery_Item_5,Grocery,South,228.0,2077.7,2535.1,57,7,0,473715.6
2026-07-12,SKU1012,Apparel_Item_2,Apparel,East,68.0,2428.21,143.3,73,11,0,165118.28
2025-08-03,SKU1014,Apparel_Item_4,Apparel,North,100.0,1193.47,1947.9,22,11,0,119347.0
2025-06-01,SKU1020,Home_Item_5,HOME & KITCHEN,South  ,24.0,605.93,715.2,60,13,0,14542.32
2026-06-28,SKU1002,Electronics_Item_2,Electronics,West,145.0,2153.56,2989.3,61,4,0,312266.2
2024-10-13,SKU1005,Electronics_Item_5,Electronics,East,70.0,363.88,67.9,47,18,0,25471.6
2026-05-24,SKU1010,Grocery_Item_5,Grocery,North,166.0,2077.7,900.2,57,7,0,344898.2
2025-12-07,SKU1014,Apparel_Item_4,Apparel,South,244.0,1193.47,321.3,22,11,0,291206.68
2025-05-25,SKU1021,Beauty_Item_1,BEAUTY,North,216.0,1121.02,119.3,69,5,0,242140.32
2024-10-20,SKU1008,Grocery_Item_3,Grocery,North,121.0,1136.36,916.5,33,11,0,137499.56
2026-08-02,SKU1020,Home_Item_5,Home & Kitchen,South,28.0,605.93,114.6,60,13,0,16966.04
2026-04-19,SKU1025,Beauty_Item_5,Beauty,South,223.0,1722.11,3954.2,28,14,0,384030.53
2026-03-01,SKU1006,Grocery_Item_1,GROCERY,West,300.0,958.46,1109.7,75,6,0,287538.0
2025-09-21,SKU1006,Grocery_Item_1,Grocery,East,,958.46,408.3,75,6,1,457185.42
2026-02-08,SKU1005,Electronics_Item_5,Electronics,South,75.0,363.88,214.5,47,18,0,27291.0
04-05-2025,SKU1004,Electronics_Item_4,ELECTRONICS,West,194.0,1914.79,1228.6,67,15,0,371469.26
2025-07-06,SKU1015,Apparel_Item_5,Apparel,South,,428.01,294.5,60,16,0,8560.2
2025-07-20,SKU1025,Beauty_Item_5,BEAUTY,East,189.0,1722.11,3790.2,28,14,0,325478.79
2026-08-09,SKU1017,Home_Item_2,Home & Kitchen,East,338.0,848.27,2812.6,42,19,0,286715.26
2025-02-02,SKU1019,Home_Item_4,Home & Kitchen,West,255.0,368.31,2201.0,48,15,0,93919.05
2026-03-29,SKU1023,Beauty_Item_3,Beauty,East,147.0,2089.04,308.3,68,10,0,307088.88
2026-07-19,SKU1004,Electronics_Item_4,Electronics,South  ,299.0,1914.79,1043.4,67,15,0,572522.21
2025-04-27,SKU1022,Beauty_Item_2,Beauty,South,68.0,1765.65,608.9,38,4,0,120064.2
2026-06-28,SKU1018,Home_Item_3,Home & Kitchen,East,125.0,1200.41,723.0,31,17,0,150051.25
2024-12-01,SKU1010,Grocery_Item_5,Grocery,South  ,222.0,2077.7,,57,7,0,461249.4
2025-06-29,SKU1006,Grocery_Item_1,Grocery,South  ,226.0,958.46,636.9,75,6,0,216611.96
2025-08-10,SKU1008,Grocery_Item_3,Grocery,West,64.0,1136.36,112.5,33,11,0,72727.04
2026-07-05,SKU1024,Beauty_Item_4,Beauty,West,93.0,999.32,,37,19,0,92936.76
2025-05-18,SKU1004,Electronics_Item_4,Electronics,West,259.0,,680.6,67,15,0,495930.61
2025-11-09,SKU1003,Electronics_Item_3,ELECTRONICS,East,339.0,280.73,400.6,78,12,0,95167.47
2025-01-26,SKU1014,Apparel_Item_4,Apparel,North,203.0,1193.47,219.8,22,11,0,242274.41
2024-10-20,SKU1022,Beauty_Item_2,Beauty,West,121.0,,1805.2,38,4,0,213643.65
2025-07-13,SKU1011,Apparel_Item_1,Apparel,West,262.0,1907.31,101.2,41,15,1,499715.22
2025-10-05,SKU1019,Home_Item_4,Home & Kitchen,North,210.0,368.31,3476.0,48,15,0,77345.1
2025-11-02,SKU1003,Electronics_Item_3,Electronics,North  ,264.0,280.73,739.6,78,12,0,74112.72
2026-08-02,SKU1006,Grocery_Item_1,Grocery,West,240.0,958.46,929.8,75,6,0,230030.4
2025-06-29,SKU1007,Grocery_Item_2,Grocery,North,239.0,1627.47,660.8,69,10,0,388965.33
2025-06-22,SKU1005,Electronics_Item_5,Electronics,South,45.0,363.88,1539.9,47,18,0,16374.6
2024-11-17,SKU1002,Electronics_Item_2,Electronics,North,176.0,2153.56,232.9,61,4,0,379026.56
2026-08-02,SKU1008,Grocery_Item_3,Grocery,East  ,76.0,1136.36,153.6,33,11,0,86363.36
2025-12-28,SKU1011,Apparel_Item_1,Apparel,South,195.0,1907.31,1134.5,41,15,0,371925.45
2025-03-23,SKU1019,Home_Item_4,Home & Kitchen,South,182.0,368.31,461.0,48,15,0,67032.42
2024-12-22,SKU1021,Beauty_Item_1,Beauty,East,,1121.02,1426.3,69,5,0,340790.08
2025-04-13,SKU1014,Apparel_Item_4,Apparel,West,124.0,1193.47,753.1,22,11,0,147990.28
2024-09-01,SKU1022,Beauty_Item_2,Beauty,West,108.0,1765.65,41.4,38,4,0,190690.2
2025-08-17,SKU1010,Grocery_Item_5,Grocery,East,182.0,2077.7,602.5,57,7,0,378141.4
2026-08-09,SKU1021,Beauty_Item_1,Beauty,South,348.0,1121.02,1571.0,69,5,0,390114.96
29-12-2024,SKU1024,Beauty_Item_4,Beauty,East,141.0,999.32,536.2,37,19,0,140904.12
2025-10-05,SKU1020,Home_Item_5,Home & Kitchen,West,42.0,605.93,194.9,60,13,0,25449.06
2024-11-24,SKU1014,Apparel_Item_4,Apparel,West,225.0,1193.47,980.6,22,11,0,268530.75
2025-05-04,SKU1005,Electronics_Item_5,Electronics,West,78.0,363.88,,47,18,1,28382.64
